#source:rsx-triage;min_depth:10;signif_threshold:0.05;posterior_threshold:0.9;bayes_factor_threshold:10;prior_probability:0.001;linked_probability:0.85;n_markers:128109
id	sequence	Group1	Group1_Present	Group1_Total	Group1_Penetrance	Group2	Group2_Present	Group2_Total	Group2_Penetrance	Bias_Direction	Bias	P	CorrectedP	Bayes_Factor	Posterior_SexLinked	Strict_Call	Posterior_Call	Bayes_Factor_Call	Candidate_Class
167451	TGCAGGAACACTTTGACATTCTTCCTTTGTACGTGTCATCAGAGGGGGAAGCCCCGCCCACTAGTCACCATCTCTCCCTCATTAGCATAGGATG	male	14	37	0.378378	female	0	12	0	male-biased	0.378378	0.0312734	1	11.1911	0	false	false	true	bayes_factor_only
183526	TGCAGGCTCTCTGACACCAGGGAGCTGCCCAGGGGCCAGCCAGCCTCCCTGGGCTTGCAGTTGGGCCCCTAAGGGCCCCCTTGGCCTTCACCTG	male	0	37	0	female	3	12	0.25	female-biased	-0.25	0.0144391	1	8.47626	0.942104	false	true	false	posterior_only
956122	TGCAGGTAAAGGCCAAGGGGGCCCTTAGGGGCCAGACTGCAAGCCCAGGGAGTAAGGCTGGCCCCTGGGCAGCTCCCTGGGGTCAGAGGCCCTT	male	2	37	0.0540541	female	5	12	0.416667	female-biased	-0.362613	0.00817794	1	16.4831	0.942104	false	true	true	posterior_only
1037047	TGCAGGAGGCGTGCGTGACTCTGGCTGCTGCGTGCGTTTGGGGCAGCGGGGTGTGAAGATGGCTGCAGCTGAGCACTGTTTCCCTCCGAGACTC	male	23	37	0.621622	female	2	12	0.166667	male-biased	0.454955	0.0160712	1	15.8715	8.67204e-05	false	false	true	bayes_factor_only
1099962	TGCAGGCAGCTTGTCACGCTGAGTAGGCTTCGTCCGCTGGATTGACAAACGCGTACACCTTGCGTTATTCTTGCCAGGCAACGTTCGGTGAACA	male	14	37	0.378378	female	0	12	0	male-biased	0.378378	0.0312734	1	11.1911	0	false	false	true	bayes_factor_only
1516509	TGCAGGCCCGCAACACACGGCCCCCCAGCCCGTGCTGGAGGCATCTGTTGAGACAACAACATGCCTGGACGCCTGTCCCAGAGGCACATCGGCC	male	1	37	0.027027	female	5	12	0.416667	female-biased	-0.38964	0.00213124	1	48.2994	0.989272	false	true	true	posterior_only
1826810	TGCAGGCCCAGGGAGTCTGGCTGGTCCCTGGGCAGCTCCCTGGGGTCAGAGACCCTGGAGGTGGAGGCCTAGGGGGCCCTTAGGGGTCCAACTG	male	0	37	0	female	3	12	0.25	female-biased	-0.25	0.0144391	1	8.47626	0.942104	false	true	false	posterior_only
1846524	TGCAGGGTCTCTGACCCCAAGGAGCTGCCCAGGGACTAGCTAGCCTCCCTGGGCTTGCAGTTGGGCCCCTAAGGGCCCCATTGGCCTCCACATC	male	20	37	0.540541	female	1	12	0.0833333	male-biased	0.457207	0.0144678	1	20.708	2.70086e-06	false	false	true	bayes_factor_only
1928218	TGCAGGATCTCCCTCTCCTTCCTGAGGCAGGCATATTCCACCACCTCCCAATAAGTCCACTCCTTTAGCTCACCCAGCTCCTCCCAATCAAATG	male	29	37	0.783784	female	3	12	0.25	male-biased	0.533784	0.00247258	1	77.4475	0.336322	false	false	true	bayes_factor_only
1985150	TGCAGGTGAAGGACTAGGGGGCCCTTAGGGGTCCAACTGCAAGCCCAGGGAGGCTAGCTGGCCCCTGGGCAGCTCCCTGGGGTCAGAGGCCCCG	male	17	37	0.459459	female	0	12	0	male-biased	0.459459	0.0105685	1	41.3584	8.41101e-08	false	false	true	bayes_factor_only
2007017	TGCAGGAACACTGGACCTCTAGGACAGAGATTGGTGACCCCTGTTATAGCAATATATAAAGGTCTGATGGCATTTTTTTCAAAATTTACAAACT	male	14	37	0.378378	female	0	12	0	male-biased	0.378378	0.0312734	1	11.1911	0	false	false	true	bayes_factor_only
2093581	TGCAGGGGAACAAAGGCTCACCTTTACAATTCTCGCACATCGTGAAAACAAGCTATTATACCATGCATTAGCAAGGCACTTCCATCACAGTTGG	male	14	37	0.378378	female	0	12	0	male-biased	0.378378	0.0312734	1	11.1911	0	false	false	true	bayes_factor_only
2307608	TGCAGGCCCAGGGAGTAAGGCTGGCCCCTGGGCAGCTCCCTGGGGTCAGAGACCCTGGAGGTGAAGGACTAGGGGGCCCTTAGGGGTCCAACTG	male	5	37	0.135135	female	7	12	0.583333	female-biased	-0.448198	0.00593908	1	27.0499	0.741709	false	false	true	bayes_factor_only
2408567	TGCAGGAGTCATGCTGAGCCTCTCTCCGGCTCACATTGTGGTTCTGCTGACTCCAAAAGAAGAGCAGAACGTTAGCGATTCCTCCGATAGCGAC	male	21	37	0.567568	female	1	12	0.0833333	male-biased	0.484234	0.00941462	1	32.557	1.53047e-05	false	false	true	bayes_factor_only
2480672	TGCAGGGCGACTCACGGCTCGAGAAACCTGAGCGCAGATGACATCGTAAAGCATTACGGCCCGAAGCGAGAGTGGAAGCACTTTAACAGCCTCA	male	14	37	0.378378	female	0	12	0	male-biased	0.378378	0.0312734	1	11.1911	0	false	false	true	bayes_factor_only
2583985	TGCAGGGTCTCTGCCCCAGAGACCTGACTAGGGGCCACCCAGCCTCCCTGGGCTTGCAGTTGGACCCCTAAGGGCCCCTTAGGCCTCCACCTCC	male	20	37	0.540541	female	1	12	0.0833333	male-biased	0.457207	0.0144678	1	20.708	2.70086e-06	false	false	true	bayes_factor_only
2673484	TGCAGGTGGGACGCCGGCTCCCGAGAGGTCTAAAGGTCAGAGGGCCCCCAAATTCAGTGTGGTGGTGTTACAGGGGCCCCCGACGTGACACCCC	male	5	37	0.135135	female	7	12	0.583333	female-biased	-0.448198	0.00593908	1	27.0499	0.741709	false	false	true	bayes_factor_only
2700139	TGCAGGTTTTAACGTACATGCTGTTTGCCTAGCTCGGACCAAGGTCTTTGTCGCGTTTACCATCCAATGAGCAGTGAGCCCGTTCAGAATGTGC	male	16	37	0.432432	female	0	12	0	male-biased	0.432432	0.0154519	1	26.319	1.4843e-08	false	false	true	bayes_factor_only
2960845	TGCAGGTGAATGCAGACTGTACATGGGGTGTGACGGAATGCTAATGGTGCAGGACGTTATATTTATTGAAATGAAGATGGCTGTGTGGCACAGT	male	14	37	0.378378	female	0	12	0	male-biased	0.378378	0.0312734	1	11.1911	0	false	false	true	bayes_factor_only
3200443	TGCAGGGGCTGACTGCGATGCCATTATTATGATTATTATTATTATGATGACTATTATTATTATTATTATTATTATAAATGTTTACGAGCAACCC	male	19	37	0.513514	female	1	12	0.0833333	male-biased	0.43018	0.0216351	1	13.4959	4.76624e-07	false	false	true	bayes_factor_only
3201605	TGCAGGTGCCCCGAAAACTCAGAAACTCATTGTGAGAATATAGATGCCGGTATATTTGTGCCAGTCTTTCAGATAAAATTGCTTAAAACACCTT	male	14	37	0.378378	female	0	12	0	male-biased	0.378378	0.0312734	1	11.1911	0	false	false	true	bayes_factor_only
3283789	TGCAGGCAAACTCCATCCCTTGCCCATTCTGAATCGTCCCTGGTCACACCTAGGAGTGGATTTCATGACAGATCTTCCCTCGTCTGACGGTAAC	male	14	37	0.378378	female	0	12	0	male-biased	0.378378	0.0312734	1	11.1911	0	false	false	true	bayes_factor_only
3330777	TGCAGGTTTTAGCGTACATGCTGTTTGCCTAGCTCGGACGAAGGTCTTTGTCGCGTTTACCATCCAATGAGCAGTGAGCCCGTTCAGAATGTGC	male	22	37	0.594595	female	2	12	0.166667	male-biased	0.427928	0.0247972	1	10.351	1.53047e-05	false	false	true	bayes_factor_only
3349595	TGCAGGTAAAGGCCAAGGGGGCCCTTAGGGCCCAACTGCAAGCCCAGGGAGTGAGGCTGGCATTTTGGCTGCTCCCTGGGGTCAGAGACCCTGG	male	18	37	0.486486	female	11	12	0.916667	female-biased	-0.43018	0.0216351	1	13.4959	4.76624e-07	false	false	true	bayes_factor_only
3373280	TGCAGGGTTATGAGCTCACAAAGTTTGATCCAATGTAAAGTCAATGAGAGTCTTTTGAATGGAAGTCTATGGGACAGTTTCTAGGGTCCAAAAG	male	6	37	0.162162	female	7	12	0.583333	female-biased	-0.421171	0.0125822	1	14.4353	0.336322	false	false	true	bayes_factor_only
3484567	TGCAGGTTTTCAGAGAACTGTTGCAATTGCAGATTCCAACTATAACTGGTTCTATGGGCCCGAGAGTCAGTTGGTCTTCTTGGATCGGTACGTA	male	14	37	0.378378	female	0	12	0	male-biased	0.378378	0.0312734	1	11.1911	0	false	false	true	bayes_factor_only
3604070	TGCAGGAACCATGCTTTTACACAGTGTCAAGAAAAATAAGAATTACATCAACAATTACATTTAAACTAAAAATGACGAAACACTTACTTTTATG	male	22	37	0.594595	female	2	12	0.166667	male-biased	0.427928	0.0247972	1	10.351	1.53047e-05	false	false	true	bayes_factor_only
3950957	TGCAGGGATTTTTGACCCCTGATGTGTCTCTCACCTTTACATTGCATCCCAAGGCAAAGAAGAATATCAGCACATAAGGGAACGATAGAAGGAC	male	14	37	0.378378	female	0	12	0	male-biased	0.378378	0.0312734	1	11.1911	0	false	false	true	bayes_factor_only
4944946	TGCAGGTAGAGGCCAAGGGGGGCACTTAGGGGCCAGACTGCAAGCCCAGGGAGTAAGGCTGGCCCCTAGGCAGATCTCAGGGGCATAAACCCTG	male	10	37	0.27027	female	9	12	0.75	female-biased	-0.47973	0.00871868	1	24.8989	0.0155361	false	false	true	bayes_factor_only
5209700	TGCAGGTACTCCCTCTCCTTCTTCAGGCAGACATATTCCACCACCTCCCAATAAGTCCATTTCCCAATGTCGCCCAGCTCCTCCCAATCAAAAG	male	14	37	0.378378	female	0	12	0	male-biased	0.378378	0.0312734	1	11.1911	0	false	false	true	bayes_factor_only
5492748	TGCAGGGGCTGATGGGACATTGTGTACGAGCAGCTGGGAAATCTTGAGCGAGCAGACCGGCCACGGCAAGATTACAAATGACCAGCAACAATAA	male	22	37	0.594595	female	2	12	0.166667	male-biased	0.427928	0.0247972	1	10.351	1.53047e-05	false	false	true	bayes_factor_only
5613506	TGCAGGCCCAGGGAGGCTGGGTGGTCCTTGGGCAGCTCCCTGGGGTCAGAGACCCTAGAGGTAAAGGCCTAGGGGGCCCTTAGGGGTCCAACTG	male	0	37	0	female	3	12	0.25	female-biased	-0.25	0.0144391	1	8.47626	0.942104	false	true	false	posterior_only
5858326	TGCAGGCCCGAACGTTCCTCTCTTCCTCTCCATTGAAAGCTCAAAACATCATCCTCCAACTACAAAAAGAAGAGGAAAAGCATAAATCCAAAAT	male	14	37	0.378378	female	0	12	0	male-biased	0.378378	0.0312734	1	11.1911	0	false	false	true	bayes_factor_only
5954477	TGCAGGTAAAGGCCAAAGGGGCCCTTAGGGGCCCAACAGTAAGCCCAGGGAGGCTGGCTGGCCCCTGGGCAGCTCACTGGGGTCAGAGACCCTG	male	22	37	0.594595	female	2	12	0.166667	male-biased	0.427928	0.0247972	1	10.351	1.53047e-05	false	false	true	bayes_factor_only
6298694	TGCAGGCAGCTTGTCACACTGAGTAGGCTTCGTACGCTTGATTGACAAACGCGTACACCTTGCGTTATTCTTGCCGGGCAACCTTCGGTGAATA	male	14	37	0.378378	female	0	12	0	male-biased	0.378378	0.0312734	1	11.1911	0	false	false	true	bayes_factor_only
6329615	TGCAGGTTAAGGCCTAGGGGGCCCTTAGGGGCCCAACTGCATGCCCAGGGAGTAAGGCTGGCCCCTGGGCAGCTCCCTGTGGTCAGAGACCATG	male	23	37	0.621622	female	12	12	1	female-biased	-0.378378	0.0312734	1	11.1911	0	false	false	true	bayes_factor_only
6343568	TGCAGGTTTTAACAACTTGCAAGTGAAAACTAAGCAAAAGGAGAATGTTTCATAATTGTCAATTCCTAGAATGCGGCAAATTGCTTCTCAGAGC	male	6	37	0.162162	female	7	12	0.583333	female-biased	-0.421171	0.0125822	1	14.4353	0.336322	false	false	true	bayes_factor_only
6385590	TGCAGGAGTTCCCCCCCCCCATTCCAAGCCTCCCGCAGGAGCCTCTATCCTTTTCCTTATCCAGCAGCCGGATATAGCTGCAGTTTTTCTGCCT	male	20	37	0.540541	female	1	12	0.0833333	male-biased	0.457207	0.0144678	1	20.708	2.70086e-06	false	false	true	bayes_factor_only
6603882	TGCAGGTCCCTGGGGTCAGAGACCCTGGAGGTGGAGGCCAAGGGGGCCCTTAGGGGCCCAACTGCAAGCCCAGGGAGTAAGGCTGGCCCCTGGG	male	1	37	0.027027	female	4	12	0.333333	female-biased	-0.306306	0.0125144	1	10.5381	0.942104	false	true	true	posterior_only
6675869	TGCAGGTCCCTGGGGTCAGAGGCCCAGGAGGTTAAGGCCTAGGGAGCCCTTAGGGGCCCAACTGCAAGCCCAGGGAATAAGGCTGGCCCCTGGG	male	0	37	0	female	3	12	0.25	female-biased	-0.25	0.0144391	1	8.47626	0.942104	false	true	false	posterior_only
6839402	TGCAGGCCCAGGGAGGCTGGGTGGCCCCTAGGCAGGTCTCTGGGGCAGAGACCCAAGAGGTGAAGCCCTAGGGGGCCCTTAGGGGTCCAACTGC	male	1	37	0.027027	female	4	12	0.333333	female-biased	-0.306306	0.0125144	1	10.5381	0.942104	false	true	true	posterior_only
7110399	TGCAGGTAAATGCCAAGGGGGCCCTTAGGGGCCAGACTGCAAGCCCAGGGAGTAAGGCTGGCCCCAGGGCAGCTCCCTGGGGTCAAAGGCCCTG	male	19	37	0.513514	female	12	12	1	female-biased	-0.486486	0.00707835	1	66.1735	4.76624e-07	false	false	true	bayes_factor_only
7328723	TGCAGGATTATAGTAATTTGAAAAAGGCTGATATATTTGCCCTTGCTCTGACTGTAGTCAGTGCGTCTGGAGCAGAGCCTCTTCCCACCAATGG	male	14	37	0.378378	female	0	12	0	male-biased	0.378378	0.0312734	1	11.1911	0	false	false	true	bayes_factor_only
7338469	TGCAGGTAAAAACCTTTTGGACAGGGTTTGGGCTGAAATCAGTCAGCAACATCTGGCAACACAGTGAAGAGCACCGTGCTTAGCTGGATATTGG	male	3	37	0.0810811	female	6	12	0.5	female-biased	-0.418919	0.0046889	1	28.9632	0.942104	false	true	true	posterior_only
7528149	TGCAGGATGAGCGGGTCCCTCTCGTGGCAGAGGGCCGTGAGGTGGCCGATGTACAGTTTCAGCTTACTGCGGTTCTGATTGAGGTCTATGAGCG	male	17	37	0.459459	female	0	12	0	male-biased	0.459459	0.0105685	1	41.3584	8.41101e-08	false	false	true	bayes_factor_only
7577363	TGCAGGCCCAGGGAGGCTAGCTGGCCCCTGGGCAGCTCCCTGGGGCAGAGACCCTGGAGGTAAAGGCCTAGGGGGCCCTTAGGGGCCCAACTGC	male	2	37	0.0540541	female	5	12	0.416667	female-biased	-0.362613	0.00817794	1	16.4831	0.942104	false	true	true	posterior_only
7623622	TGCAGGTTTTAGCGTGCATGCTGTTTGCCTAGCTCGGACCAAGGTCTTTGTCGCGTTTACCATCCAATGAGCAGCGAGCCCGTTCAGAATGTGC	male	20	37	0.540541	female	1	12	0.0833333	male-biased	0.457207	0.0144678	1	20.708	2.70086e-06	false	false	true	bayes_factor_only
7746442	TGCAGGGCCTCTGACCCCAGGGAGCTGCCCAGGGGCCTGCCTTACTCCCTGGGCTTGCAGTTGGGCCCCTAAGGGCCCCCTAGGCCTTAACCTC	male	26	37	0.702703	female	3	12	0.25	male-biased	0.452703	0.014906	1	15.216	0.0027772	false	false	true	bayes_factor_only
7784042	TGCAGGTGAAGGCCTAGGGGGCCCTTGGGGGCCCCACTGCAAGGCCACGGAGGCTGGCTGGCCCCTGGGAAGCTCCCTGGGGTCAGAGACCCTG	male	23	37	0.621622	female	2	12	0.166667	male-biased	0.454955	0.0160712	1	15.8715	8.67204e-05	false	false	true	bayes_factor_only
8654854	TGCAGGATTTTATTCCAAGGTACGCACAAATCCAGCACCACCCGCCCCCTTTCCCCCAATCATCTCGAAACACTGATGCTTAGGGTCAAAGGCT	male	15	37	0.405405	female	0	12	0	male-biased	0.405405	0.0221695	1	17.0299	2.6198e-09	false	false	true	bayes_factor_only
8822666	TGCAGGGTTTAGCTCCAACTTGTCTCAAAACACTTGCCTGGATGTTTTAAGTATACCTAGTGAGAGCTTGATTAGTTTGTTCAGGTGTGTTTGA	male	15	37	0.405405	female	0	12	0	male-biased	0.405405	0.0221695	1	17.0299	2.6198e-09	false	false	true	bayes_factor_only
8861714	TGCAGGTAAAGGCCAAGGGGGCCCTTAGGAGCCATACTGCAAGCCCAGGGAGTAAGGCTGGCCCCTGGGCAGCTCCCTGGGGTCAAAGGCCCTG	male	17	37	0.459459	female	12	12	1	female-biased	-0.540541	0.00295267	1	179.945	1.53047e-05	false	false	true	bayes_factor_only
9083229	TGCAGGGTCTCTGACCCCAGGGAGCTGCCCAGGGGCCAGCCAGCCTCCCTGGGCTTGCAGTTGGGCCCCTAAGGGCCCCCTTGGCCTTCACCTC	male	28	37	0.756757	female	4	12	0.333333	male-biased	0.423423	0.0198717	1	10.6824	0.0155361	false	false	true	bayes_factor_only
9100332	TGCAGGGAGGAATGGGCAAAAATTCCCAAGGACAGGTGTGCCAAGCTTGTGGCATCATATTCAAAAAGACTTGAGGCTGTAATTGCTGCCAAAT	male	23	37	0.621622	female	2	12	0.166667	male-biased	0.454955	0.0160712	1	15.8715	8.67204e-05	false	false	true	bayes_factor_only
9398785	TGCAGGTAAAGGCCAAGGGGGCCCTTAGGGGCCCAACTGCAAGCGCAGGGAGGCAGGCTGGCACCTGGGCAGCTCCCTGGGGTCAGAAACCCTG	male	22	37	0.594595	female	2	12	0.166667	male-biased	0.427928	0.0247972	1	10.351	1.53047e-05	false	false	true	bayes_factor_only
9562403	TGCAGGCACCCTGATGTCCAAACAACATAAAAAAAATTGTCAAAAATGCAAATCGATTTGATGTCAATTGACTACCTTGATGTCAAAATAACAT	male	0	37	0	female	3	12	0.25	female-biased	-0.25	0.0144391	1	8.47626	0.942104	false	true	false	posterior_only
9565525	TGCAGGAGTCTTCACCGCCCAAAAATTCTATCCCTATTCCTGCAGGAACCCCGCTTACCTGGCTCTGACCCCGCAGGGATCACCCAGAGTCCCG	male	23	37	0.621622	female	1	12	0.0833333	male-biased	0.538288	0.00362474	1	87.2934	0.000491217	false	false	true	bayes_factor_only
9732174	TGCAGGGGGCGTCCCTCGGCTCTTCTGTGGGGACGGAGGGGGACTGTCTTTGGAGAGCGCCAGGCCTCCACCTCCACCTCCCACCCCCTGCTTA	male	22	37	0.594595	female	2	12	0.166667	male-biased	0.427928	0.0247972	1	10.351	1.53047e-05	false	false	true	bayes_factor_only
9888746	TGCAGGAGAGCTTCCCCAGATTACTGCTTACACAGATGCCTCTGTAATTATTAGGGTCTGATTTGTCTCCACTTTTGAATATGGGCGTTATTAA	male	1	37	0.027027	female	4	12	0.333333	female-biased	-0.306306	0.0125144	1	10.5381	0.942104	false	true	true	posterior_only
10168471	TGCAGGGTCTCTGCCCCAGAGAGCTGCCTAGGGGCCACTCAGACTCCCTGGGCATGCATTTGGGCCCCTAAGGGCCCCCTAGATCTCCACCTCC	male	22	37	0.594595	female	2	12	0.166667	male-biased	0.427928	0.0247972	1	10.351	1.53047e-05	false	false	true	bayes_factor_only
10501727	TGCAGGAAAGCAATAGGGGTGAAAGTGCTGAAATTCAGGTGTTAAAGAAAGCTCATCAGATTACATCGGACTCTTTTTGATTAATTTTTACCCC	male	16	37	0.432432	female	0	12	0	male-biased	0.432432	0.0154519	1	26.319	1.4843e-08	false	false	true	bayes_factor_only
10534474	TGCAGGGTTTAGCTCCAACTTGTCTCAAAACACCTGCCTGGATGTTTCAAGTATACCTAGTGAGAGCTTGATTAGCTTGTTCAGGTGTGTTTTA	male	21	37	0.567568	female	1	12	0.0833333	male-biased	0.484234	0.00941462	1	32.557	1.53047e-05	false	false	true	bayes_factor_only
10542835	TGCAGGCTACCGCCCGGGGGGACGTCCGATCCCCCCTCGCTCAACGCCCACATGCAAGGCGCTGCGGTGGGCCCTGCCCCCCTCGCCGCCTAGT	male	0	37	0	female	3	12	0.25	female-biased	-0.25	0.0144391	1	8.47626	0.942104	false	true	false	posterior_only
10573089	TGCAGGACACAGATGATCAGTGTTCGCCAGCATCACTGTTTCTAAGGCAGTGTTTCTCAACCGCATTCCTGGAGGACCACCAGCTCTGCACATT	male	14	37	0.378378	female	0	12	0	male-biased	0.378378	0.0312734	1	11.1911	0	false	false	true	bayes_factor_only
10751991	TGCAGGTGGGCCGCGAGATTAATTCTCAGTAATATACTATAATTTTTTAAATAATTGAAGTTATGCACTTTCTCCTGTTCGCTGATTGATTACT	male	23	37	0.621622	female	2	12	0.166667	male-biased	0.454955	0.0160712	1	15.8715	8.67204e-05	false	false	true	bayes_factor_only
10855749	TGCAGGGCGTGCACCTCACAGAATTTTGCCTACTGTTTCATCTATTTGATTCTGACAATGCTGTACATTCCTTAATTCTAAAATACATTTTTAA	male	15	37	0.405405	female	0	12	0	male-biased	0.405405	0.0221695	1	17.0299	2.6198e-09	false	false	true	bayes_factor_only
10954142	TGCAGGTTAAGGCCTAGGGGGCCCTTAGGGGCCCAACTGCATGCCCAGGGAGTAAGGCTGGCCCCTGGGCAGCTCCCTGTGGTCAGAGGCCCTG	male	1	37	0.027027	female	4	12	0.333333	female-biased	-0.306306	0.0125144	1	10.5381	0.942104	false	true	true	posterior_only
10984038	TGCAGGAACGCTTTCTCTGCCGTTCCAGATGACTTTACTAATGCGTTATTGGAGTCATTGCAGAGATGTGTGGATGCAGTCCTCCAAGCTCATG	male	14	37	0.378378	female	0	12	0	male-biased	0.378378	0.0312734	1	11.1911	0	false	false	true	bayes_factor_only
11051851	TGCAGGCAGCGGCTGATCAGCTCATTCACCATTCAAACTTTGTTTAACATTCATTCTCCACAAATGCGCACACATATTTTATGAAAACAAATTA	male	15	37	0.405405	female	0	12	0	male-biased	0.405405	0.0221695	1	17.0299	2.6198e-09	false	false	true	bayes_factor_only
11424074	TGCAGGGTTTAGCTCCAACTTGCCTCAACACACCAGCCTGGATGTTTCAAGTACACCTAGTGAGAGCTTGATGAGCTTGTTCAGGTGTGTTTGA	male	15	37	0.405405	female	0	12	0	male-biased	0.405405	0.0221695	1	17.0299	2.6198e-09	false	false	true	bayes_factor_only
11491128	TGCAGGTAAAGGCCAAGGGGCCCTTAGGGGCCCAACTGCAAGCCCAGGGAGTAAGGCTGGCCCCTAGGCAGATCTCTGGGGCATAAACCCAGGA	male	19	37	0.513514	female	12	12	1	female-biased	-0.486486	0.00707835	1	66.1735	4.76624e-07	false	false	true	bayes_factor_only
11552837	TGCAGGCCAGCAGGAGGTTGGGGGAGAAGTTAAAAGTGCTCATTTTCAGTTTATTTGGACCCAAGAAATGGAGGGAAAATTTATGTAAATTTGG	male	14	37	0.378378	female	0	12	0	male-biased	0.378378	0.0312734	1	11.1911	0	false	false	true	bayes_factor_only
11707570	TGCAGGTGAACAAAAGCGCCAATCTGATTGGTGGAGAAGGTTTTGATGTGGTGCGTCAAAACAAAAAAACAAGCGTGAGGCGTTTCTTTTAAAA	male	14	37	0.378378	female	0	12	0	male-biased	0.378378	0.0312734	1	11.1911	0	false	false	true	bayes_factor_only
11879288	TGCAGGAACACTTTCTTTGCTTTTCCAGATGATTTATTAATACGTTATTTGATTAATTGCAGAGGTGTATGGATGCGGTCCTCCAATCTCATGG	male	16	37	0.432432	female	0	12	0	male-biased	0.432432	0.0154519	1	26.319	1.4843e-08	false	false	true	bayes_factor_only
11928418	TGCAGGGTTTAGCTAAAATCTGCAGGACACCGGACCTCTAGGAACAAGTTTGGTGATCTCTGCTATAGAAAATGCGGCATAAATTCTTTCCATT	male	14	37	0.378378	female	0	12	0	male-biased	0.378378	0.0312734	1	11.1911	0	false	false	true	bayes_factor_only
11944925	TGCAGGTAAAGGCCAAGGGGGCCCTTAGGGGCCAGACTGCAAGCCCAGGGAGTAAGGCTGGCCCCAGGGCATCTCCCTGGGGTCAAAGGCCCTG	male	19	37	0.513514	female	12	12	1	female-biased	-0.486486	0.00707835	1	66.1735	4.76624e-07	false	false	true	bayes_factor_only
12527411	TGCAGGCCCAGGGAGTAAGGCTGGCCCCTGGGCAGATCCCTGGGGTCAGAGACCCTGGGGTTGAAGGCCTAGGGGGCCCTTAGGGGGCCCAATG	male	11	37	0.297297	female	10	12	0.833333	female-biased	-0.536036	0.00344532	1	70.0418	0.0155361	false	false	true	bayes_factor_only
12994462	TGCAGGATGGCGTTTTCTAGAGTTTTCTTCCCCACACCAAAGTATTTCAGAGTCGCCAGAGCAAAACGCCTCTGCTGGCGCCACATGTGACCAC	male	15	37	0.405405	female	0	12	0	male-biased	0.405405	0.0221695	1	17.0299	2.6198e-09	false	false	true	bayes_factor_only
13009463	TGCAGGTAAAGGCCAAGGGGGCCCTTAGGGGCCAGACTGCAAGCCCAGGGAGCAAGGCTGGCCCCTGGGCAGCTCCCTGGGGTCAGAGAACCTG	male	18	37	0.486486	female	11	12	0.916667	female-biased	-0.43018	0.0216351	1	13.4959	4.76624e-07	false	false	true	bayes_factor_only
13106676	TGCAGGCCCTGGTGGTCCTCAAGGAGCGGTCAAGGTCAGCTCTGTGGAGGTCTGGAGCTTTGGAGAGGGGGTCTCTGAGAGCCAAGATGTACCC	male	0	37	0	female	4	12	0.333333	female-biased	-0.333333	0.00222821	1	43.3231	0.989272	false	true	true	posterior_only
13166788	TGCAGGTTTCTGTTGCAACCCATATCAAACACACCTGCCTTTAATTATCAAGCGCTGCAGGTCCTAATTAATTGGCTCAGGTGTGTTTGATCAG	male	19	37	0.513514	female	1	12	0.0833333	male-biased	0.43018	0.0216351	1	13.4959	4.76624e-07	false	false	true	bayes_factor_only
13341676	TGCAGGACCATTTCTCCTATGGCCAGACGTCTTGTGCAGAGCTGCAGTCTATGGCGCCGGGGCTGGAGAACGCTGGACATCCATCATGGAGAGA	male	14	37	0.378378	female	0	12	0	male-biased	0.378378	0.0312734	1	11.1911	0	false	false	true	bayes_factor_only
13347368	TGCAGGTCTTTATATCAAATAACAACATATTATACTACATTTGATCTTTTTTATATATATATTTTGTATTGTTTATAACCTAATCATTTCTATT	male	14	37	0.378378	female	0	12	0	male-biased	0.378378	0.0312734	1	11.1911	0	false	false	true	bayes_factor_only
13658223	TGCAGGTAAATGCCAAGGGGGCCCTTAGGGGCCAGACTGCAAGCCCAGGGAGTAAGGCTGGCCCCTGGGCAGCTCCCTGGGGTCAGAGAACCTG	male	19	37	0.513514	female	12	12	1	female-biased	-0.486486	0.00707835	1	66.1735	4.76624e-07	false	false	true	bayes_factor_only
13690382	TGCAGGGTCTCTGCCCCAGAGAGCTGCCTAGGGGACACCCAGATTCCCTGGGCTTGCAGTTGGGCCCCAATGGGCCCACTAAGCCTTCACCTCA	male	22	37	0.594595	female	2	12	0.166667	male-biased	0.427928	0.0247972	1	10.351	1.53047e-05	false	false	true	bayes_factor_only
14001375	TGCAGGGTATCTGCCCCAGAGAGCTGCCTAGGGGCCATCCAGACTCCCTGGGCTTGCAGATTGGCCCCTAAGGGCCCCCTAGGCCTTTACCTAC	male	14	37	0.378378	female	0	12	0	male-biased	0.378378	0.0312734	1	11.1911	0	false	false	true	bayes_factor_only
14110565	TGCAGGATAGCGCTCCTTCTCATACTTCAGCCTCCACATTAAAGTTCCTGAAAGCAAAGAAGGTCAAGGTGCTCCAGGATTGGCCAGCCCAGTC	male	15	37	0.405405	female	0	12	0	male-biased	0.405405	0.0221695	1	17.0299	2.6198e-09	false	false	true	bayes_factor_only
14184288	TGCAGGCCAGCGGGAGGATGAGGAGAAGTTAAAAGCTCATTTTCAGTTTATTCAGACCCAAGAAATGGAAGGAAAATGAGTGTAAATTTGGCAG	male	21	37	0.567568	female	1	12	0.0833333	male-biased	0.484234	0.00941462	1	32.557	1.53047e-05	false	false	true	bayes_factor_only
14284146	TGCAGGCCCAGGTAGGCTGGGTGGCCCCTAGGCAGGTCTGTGGGGCAGAGACCCAAGAGGTGAAGGCCTAGGGGGCCCTTAGGGGCCCAACTGC	male	0	37	0	female	3	12	0.25	female-biased	-0.25	0.0144391	1	8.47626	0.942104	false	true	false	posterior_only
14459586	TGCAGGGTCTCTTCCCCAGAGACCTGCCTAGGGAGCACCAAGCCTCCCTGGGCTTGTAGTTGGGCCCCTATGGGCCCCATGGGCCTTCACCTCT	male	29	37	0.783784	female	3	12	0.25	male-biased	0.533784	0.00247258	1	77.4475	0.336322	false	false	true	bayes_factor_only
14554221	TGCAGGACTTCCAGAGTTCATCAAGATCCTTTGGATTCATCTTCAATGCCTCCTCCTTCATCTTATCCCAGACATGCTCAATAATGTTCATGTC	male	14	37	0.378378	female	0	12	0	male-biased	0.378378	0.0312734	1	11.1911	0	false	false	true	bayes_factor_only
14575954	TGCAGGTGAAGGCCAAGGGGGCCCTTAGGGGCCAAACTGCAAGCCCAGGGAGGCTGATTAACCCCTGGGCAGCTCCCTGGGGTAAGAGACCCTG	male	0	37	0	female	3	12	0.25	female-biased	-0.25	0.0144391	1	8.47626	0.942104	false	true	false	posterior_only
14608338	TGCAGGTTAAGGCCAAGGGGGCCCTTAGGGGCCCAACTGCAAGCCCAGGGAGTAAGGCTGGCCCCTGGGCAGCCCCCTGGGGTCAGAGACCCTG	male	14	37	0.378378	female	0	12	0	male-biased	0.378378	0.0312734	1	11.1911	0	false	false	true	bayes_factor_only
14611224	TGCAGGGTCTTTGCCCCAGAGAGCTGCCTAGGGGCCACCCAGCCTCCCTGGGCTTGCAGTTGGACCCCTAAGGGCCCCTTAGGCCTCCACCCCC	male	19	37	0.513514	female	1	12	0.0833333	male-biased	0.43018	0.0216351	1	13.4959	4.76624e-07	false	false	true	bayes_factor_only
14631236	TGCAGGTACCCACACTAGTGAATGCTGCTCTCTCATTGGTTGTAGACGATCGCCCATGTTATTTTCAGTCAGAACACATTTCACACGGCAAGAT	male	15	37	0.405405	female	0	12	0	male-biased	0.405405	0.0221695	1	17.0299	2.6198e-09	false	false	true	bayes_factor_only
14653730	TGCAGGGTCCCTGCCCCAGAGAGCTGCCTAGGGGCCACCCAGCCTCCCTGGGCTTGCAGTTGGGCCCCTAAAGGCCCCCTAGGCCTTTACCTCC	male	16	37	0.432432	female	0	12	0	male-biased	0.432432	0.0154519	1	26.319	1.4843e-08	false	false	true	bayes_factor_only
14790087	TGCAGGCAGAAAGGTGACGTGAAGGACAAGTCCTCAATCTTCACGGTGTAGATGTCCACCTCCTAAGAAATAGAGAAAATGTATTGAATATTAA	male	22	37	0.594595	female	2	12	0.166667	male-biased	0.427928	0.0247972	1	10.351	1.53047e-05	false	false	true	bayes_factor_only
14884107	TGCAGGGCTGGAGGCCCGTGGGGAGCCAGCAGGGCAAGGAGCTTGACTGGGGCCGGCAGAGCAAGACGTCTGGGTGGTGCCGGCAGGGCAAGGA	male	23	37	0.621622	female	2	12	0.166667	male-biased	0.454955	0.0160712	1	15.8715	8.67204e-05	false	false	true	bayes_factor_only
14950821	TGCAGGGTCTCTGACCGCAGGGAGCTGCCCAGGGGCCAACCTTACTCCCTGGGCTTGTAGTTGGGCCCCTAAGGGCCCCCGAGGCCTTTACCTC	male	16	37	0.432432	female	0	12	0	male-biased	0.432432	0.0154519	1	26.319	1.4843e-08	false	false	true	bayes_factor_only
15022782	TGCAGGAGAAACGTGTGTCTTGAGTTTGACCGCTCACAATGTTGGCTTCATTCTGCCGAGTTCAGACTGAATTCACTGAGAGATTGATTTGATT	male	21	37	0.567568	female	1	12	0.0833333	male-biased	0.484234	0.00941462	1	32.557	1.53047e-05	false	false	true	bayes_factor_only
15074966	TGCAGGTAAAGGCCAAGGGGGCCCTTAGTGGCCCAACTGAAAGCCCAGGGAGGCTGGGTGGCCCCTGGGCAGCTCCTATGGGTCAGTGGCCCTG	male	22	37	0.594595	female	2	12	0.166667	male-biased	0.427928	0.0247972	1	10.351	1.53047e-05	false	false	true	bayes_factor_only
15597053	TGCAGGGTCTCTGACTCCAAGGAGCTGCCCAGGGGCCAGCCTTACTCCCTGGGCTTTTAGTTGGGCCCCTATGGGCCCCCTTGGCCTCCACCTC	male	28	37	0.756757	female	3	12	0.25	male-biased	0.506757	0.00480677	1	42.7297	0.0820864	false	false	true	bayes_factor_only
15633746	TGCAGGGTTTAGCTCCAACTTGTCTGAAAACACCTGTCTGGATGTTTCAAGTATACCTAGTGAGAAATTGATTAGCTTGTTCAGGTGTGTTTGA	male	15	37	0.405405	female	0	12	0	male-biased	0.405405	0.0221695	1	17.0299	2.6198e-09	false	false	true	bayes_factor_only
15733878	TGCAGGCTGGTTGATGACACAGTTATTGTATGATAATATCTTTATAGCTTCCAGGCATATCTCTGGGAAGTGCCCATAAATTCTCAATCATAGT	male	14	37	0.378378	female	0	12	0	male-biased	0.378378	0.0312734	1	11.1911	0	false	false	true	bayes_factor_only
15892569	TGCAGGAATGCTTTCTTTGCCTTTGCAGATGACTTTATTAATAAGTTATTTGAGTCATTGCAGAGATGTATGGATGCAGTCCTCCAAGCTGATG	male	14	37	0.378378	female	0	12	0	male-biased	0.378378	0.0312734	1	11.1911	0	false	false	true	bayes_factor_only
15938650	TGCAGGGTCTGAAACGAAGTGAACAGAGCACCATGCTGGAGCTCTTCAGACAGCGGCTGCCGACTCCACCGTCAGGACCAGACGGAGGCCCATC	male	19	37	0.513514	female	0	12	0	male-biased	0.513514	0.00463142	1	107.967	2.70086e-06	false	false	true	bayes_factor_only
16057865	TGCAGGCTGCTGAACTGACTGAGGAGATCTTCATACTGTGGGAATGAAACAAACAGTAGATGAACGCACAGTGACAAAACCCTGGAAGTTGGTT	male	14	37	0.378378	female	0	12	0	male-biased	0.378378	0.0312734	1	11.1911	0	false	false	true	bayes_factor_only
16100594	TGCAGGGTCTGTGCCCCAGAGAGCTGCCTATGGGCCATCCAGACTCCCTGGGCTTGCAGTGGGGCCCCTAAGGGCCCCATAGGCCTTAAACTCC	male	16	37	0.432432	female	0	12	0	male-biased	0.432432	0.0154519	1	26.319	1.4843e-08	false	false	true	bayes_factor_only
17123291	TGCAGGTTTAGCTCCAACTTGCCTCAACACACCTGCAAGTATGTTTCTAGAAAGCCTAGTAAGAGCTTGATTAGCTAATCCAGGTGTGTCCGAT	male	20	37	0.540541	female	1	12	0.0833333	male-biased	0.457207	0.0144678	1	20.708	2.70086e-06	false	false	true	bayes_factor_only
17142338	TGCAGGTCTTCCATGCGCACATGAGCCACCAACATTTAGCGGGAACCAGTCGCTGTAGCTGGGGCAGCTTCCGCTGTTGAGGGACCCCGAAAAA	male	0	37	0	female	3	12	0.25	female-biased	-0.25	0.0144391	1	8.47626	0.942104	false	true	false	posterior_only
17577343	TGCAGGGGCCAAAAAACCCGCCCCCAAAACGCATAGACTTAACATTACGCCAAATTTTGACACAACATAGCGCCAAGAGTGAATTTCATAGAAA	male	30	37	0.810811	female	4	12	0.333333	male-biased	0.477477	0.0058124	1	31.2919	0.336322	false	false	true	bayes_factor_only
17832744	TGCAGGCTTTAGCTCCTACTTGCCTCAAAACACCTGCCAGGATGTTTCAAGTATACCCAGTGGGAGCTTGATTAGCTTGTTCAGGTGTGTTTGA	male	20	37	0.540541	female	1	12	0.0833333	male-biased	0.457207	0.0144678	1	20.708	2.70086e-06	false	false	true	bayes_factor_only
17877828	TGCAGGGTTTAGCTCCAACTTGTCTCAAAACACCTGCCTGGATGTTTCAAGTATACCTAATGAGAGCTTGATTAGCTTGTTCAGGTGTGTTTGA	male	16	37	0.432432	female	0	12	0	male-biased	0.432432	0.0154519	1	26.319	1.4843e-08	false	false	true	bayes_factor_only
18154367	TGCAGGATCTCTGTCCCAGAGAACTGCCTAGGGGACACTCAGACTCCCTGGGCAAGCAGTTGGGCCCCTAAGGGCCCCCTAGACCTCCACCTCC	male	18	37	0.486486	female	11	12	0.916667	female-biased	-0.43018	0.0216351	1	13.4959	4.76624e-07	false	false	true	bayes_factor_only
18188771	TGCAGGTGAGAAATAAACCCTTAACCTGATTTCACTAATAGGACATGTTGCTGGATTAACATCTATGTTGATCCTGGAACAACATTCCAATCAG	male	14	37	0.378378	female	0	12	0	male-biased	0.378378	0.0312734	1	11.1911	0	false	false	true	bayes_factor_only
18352549	TGCAGGTCCCTAGGGTCAGAAACCCTGGAGGTGTAGGCCAAGGGGGCCCAAAGGGCCCCAACTGTTAGCCCAGGGAGGCTGGCTGGCCCCTGGG	male	0	37	0	female	3	12	0.25	female-biased	-0.25	0.0144391	1	8.47626	0.942104	false	true	false	posterior_only
18611511	TGCAGGGTCTCTGCCCCAGAGAGCTGCCTAAGGGCCTGCCAGCCTTCCTGGGCTTGCAGGTGGGCCCCTAAGGGCCCCCTTGGCCATTACCTCC	male	17	37	0.459459	female	0	12	0	male-biased	0.459459	0.0105685	1	41.3584	8.41101e-08	false	false	true	bayes_factor_only
18810632	TGCAGGGTTTAGCTCCAACTTGTCTCAAAACACCTGCCTGGATGTTTTAAGTATACCTAGTGAGAGCTTGATTAGCTTGTTCTGGTGTGTTTGA	male	16	37	0.432432	female	0	12	0	male-biased	0.432432	0.0154519	1	26.319	1.4843e-08	false	false	true	bayes_factor_only
19083692	TGCAGGACCGATCGGTCAACACAAGAACGCAAATCCATGCACAGACCCAGCCATGGCCTTTGGTTCACTGCCTGCCCATTATATACATACCTGT	male	16	37	0.432432	female	0	12	0	male-biased	0.432432	0.0154519	1	26.319	1.4843e-08	false	false	true	bayes_factor_only
19321406	TGCAGGAAAAGGCCAAGGGGGCCCTTAGGGGCCAGACTGCAAGCCCAGGGATTAAGGCTGGCCCCTGGGCTGCTCCCTGGGGTCAAAGGCCCTG	male	14	37	0.378378	female	10	12	0.833333	female-biased	-0.454955	0.0160712	1	15.8715	8.67204e-05	false	false	true	bayes_factor_only
19564075	TGCAGGGTCTCTGCCCCAGAGAGCTGCCTAGGGGCCACTCAGTCTCCCTGGGCAAGCAGTTGGGCCCCTAAGGGCCCCCTAGACCTCCACCTCC	male	18	37	0.486486	female	12	12	1	female-biased	-0.513514	0.00463142	1	107.967	2.70086e-06	false	false	true	bayes_factor_only
19669438	TGCAGGTGAAGGCCTAGAGGGCCCTTAGGGGTCCAACTGCGAGCCCAGGGAGGCTGGGTGGCCCCTAGGCAGCTCTCTGGGGCAGAGACCCTGG	male	16	37	0.432432	female	0	12	0	male-biased	0.432432	0.0154519	1	26.319	1.4843e-08	false	false	true	bayes_factor_only
19822205	TGCAGGTTAAGGCCAAGGGGGCCCTTAGGGGGCAAACTGCAAGCCCAGGGAGTAAGGCTTGCCCCTGGGCAGCTCCCTGGGGTCAGAGGCCCTG	male	2	37	0.0540541	female	5	12	0.416667	female-biased	-0.362613	0.00817794	1	16.4831	0.942104	false	true	true	posterior_only
19912857	TGCAGGGCAGACGTTCAGTGGTTCAGGCCCTTTCTGTGCTGGTTTTCAATAGCTCCCAGGAGTGATTCTCCTTTAGCGATGATCAAGGAACAGC	male	19	37	0.513514	female	1	12	0.0833333	male-biased	0.43018	0.0216351	1	13.4959	4.76624e-07	false	false	true	bayes_factor_only
20139165	TGCAGGTAAAGGCCAAGGGGGCCCTTAGGGGCCAGACTGCAAGCCCAGGGAGTAAGGCTGGCCCCTGGGCAGCTCACTGGGGTCAGAGACCCTG	male	17	37	0.459459	female	12	12	1	female-biased	-0.540541	0.00295267	1	179.945	1.53047e-05	false	false	true	bayes_factor_only
20343132	TGCAGGAAAAGGCCAAGGGGGCCCTTAGGGGCCAGACTGCAAGCCCAGGGAGTAAGGCTGGCTCCTGGGCAGCTCCCCAGGGTCAGTGGCCCTG	male	3	37	0.0810811	female	6	12	0.5	female-biased	-0.418919	0.0046889	1	28.9632	0.942104	false	true	true	posterior_only
20394661	TGCAGGGTTTAGTTCCAACTTGTCTCAAAACACCTGCCTGGATGTTTCAAGTATACCTAGTGCTTGATTAGCTTGTTCAGGTGTGTTTGATTAG	male	14	37	0.378378	female	0	12	0	male-biased	0.378378	0.0312734	1	11.1911	0	false	false	true	bayes_factor_only
20491427	TGCAGGGTTTTTTTGGACTGTGTGCGAAACTAGAGCACCAGGAGGAAACCCATGCGAACATGGGGAGAACATGCAAACTCCACAGAAATTCCAA	male	21	37	0.567568	female	1	12	0.0833333	male-biased	0.484234	0.00941462	1	32.557	1.53047e-05	false	false	true	bayes_factor_only
20742551	TGCAGGAAAAGGCCAAGGGGGCCCTTAGGGGCCAGACTGCAAGCCCAGGGAGTAAGGCTGGCCCCTGGGCAGCTCCCTGGGGTCAAAGGCCCCG	male	13	37	0.351351	female	10	12	0.833333	female-biased	-0.481982	0.0100433	1	25.1154	0.000491217	false	false	true	bayes_factor_only
20827224	TGCAGGAGCTCCCCTTGCGGCTCCACCACGAGGGGGTCCGCCACGGCCACCTCCACGTGGGGGCATACCACGACCCCTGCAGGGATGAAGATCA	male	0	37	0	female	3	12	0.25	female-biased	-0.25	0.0144391	1	8.47626	0.942104	false	true	false	posterior_only
20866937	TGCAGGTGAGGCTTTTAGCACCATAATGGTATTCGTACATTTCACCTGATGTGTTGTACTGTGTGCTTGCTACATGATCTCAAATATTCAGTCA	male	14	37	0.378378	female	0	12	0	male-biased	0.378378	0.0312734	1	11.1911	0	false	false	true	bayes_factor_only
20871046	TGCAGGAGTCACAATGTTTCATAACATGTGTCATGTTATTATTACAATAAACCTGAGCTACTAAAATGTTAAAAACTTGACATAAAATTAATTT	male	15	37	0.405405	female	0	12	0	male-biased	0.405405	0.0221695	1	17.0299	2.6198e-09	false	false	true	bayes_factor_only
20872274	TGCAGGATTACATCACCAAAGTGTGAACTGGAAAGAGGGCCGCAAGCCTTCACTTCCACACAGGTGCGAACATATTATTTAGCAGGAACATGGT	male	15	37	0.405405	female	0	12	0	male-biased	0.405405	0.0221695	1	17.0299	2.6198e-09	false	false	true	bayes_factor_only
20919700	TGCAGGTTACATTCATATCAAATGTACATTCATATCAAATGTTTGTTTACTAACTCAATTAGCAGTTCCTTCACAACCTGTTAATGATTTATCA	male	14	37	0.378378	female	0	12	0	male-biased	0.378378	0.0312734	1	11.1911	0	false	false	true	bayes_factor_only
21617189	TGCAGGACACCGGACCTCCAGGACCGAGATTGGTGATCCCTAATCTATAGAGTGCAGTACATCAATGGCCATATTTTTATATACAGACACATAT	male	14	37	0.378378	female	0	12	0	male-biased	0.378378	0.0312734	1	11.1911	0	false	false	true	bayes_factor_only
22120195	TGCAGGTAAAGGCCAAGGGGGCCCTTAGGGGCCAGACTGCAAGCCCAAGGAGTAAGGCTGGCCCCAGGGCAGCTCCCTGGGGTCAAAGGCCCTG	male	18	37	0.486486	female	11	12	0.916667	female-biased	-0.43018	0.0216351	1	13.4959	4.76624e-07	false	false	true	bayes_factor_only
22215056	TGCAGGTAGTTGGGCCCTTAAGGGCCCCCTAGGCCTCCACCTCCAGGGTCTCTGACCCCAGGGAGCTGCCCAGGGGCCAGCCAGCCTCCCTGGG	male	1	37	0.027027	female	4	12	0.333333	female-biased	-0.306306	0.0125144	1	10.5381	0.942104	false	true	true	posterior_only
22473375	TGCAGGTAAAGGCCAAGGGGCCCTTAGGGGCCCAACTGCAAGCCCAGGGAGTAAGGCTGGCCCCTAGGCAGATAACTGGGGCATAAACCCTGGA	male	19	37	0.513514	female	12	12	1	female-biased	-0.486486	0.00707835	1	66.1735	4.76624e-07	false	false	true	bayes_factor_only
22556854	TGCAGGTGGTGCGCATTCAGGTGCAGATCCAGGAGACTCTGCGCAGACAGTTTTCCCAGCATCCTTCAGTGCAGGGCGCCATCACACAGCTGGA	male	20	37	0.540541	female	1	12	0.0833333	male-biased	0.457207	0.0144678	1	20.708	2.70086e-06	false	false	true	bayes_factor_only
22620483	TGCAGGCTAAAGCTGGCCCGTGGCAACCTTTGATTTGGCCCACCATCCCATCTGAGAAAAGAGGGAGAATGGAATGATGGAGATGGTTCAGGTA	male	14	37	0.378378	female	0	12	0	male-biased	0.378378	0.0312734	1	11.1911	0	false	false	true	bayes_factor_only
22827010	TGCAGGTAAAGGCCAAGGGGGCCCTTAGGGGCCAGACTGCAAGCCCAGGGAGTAAGGCTGGCCCCTGGGCAACTCCCTGGGGTCAAAGGCCCTG	male	19	37	0.513514	female	12	12	1	female-biased	-0.486486	0.00707835	1	66.1735	4.76624e-07	false	false	true	bayes_factor_only
22839343	TGCAGGACCTTACGACTCCCAAACATATTTCAAAGGGATTTACAGACTCGATAACAACCTTCTGTCATGTTACACTGAAAACCAAATACGAAAA	male	24	37	0.648649	female	2	12	0.166667	male-biased	0.481982	0.0100433	1	25.1154	0.000491217	false	false	true	bayes_factor_only
23004907	TGCAGGTTTGAAGCAGACTAAACTAAACTGTCTGAGGCCAGTTTTACTTAAACATTCCCTCGCAATTCGCCGCGAGTGAGATGGAGAAACTTAA	male	15	37	0.405405	female	0	12	0	male-biased	0.405405	0.0221695	1	17.0299	2.6198e-09	false	false	true	bayes_factor_only
23181225	TGCAGGGTTTAGCTCCAGCTTGCCTCAACACACCTGCCAGGATGTTTCAAGTATACCTAGAGAGAGCTTGATTAGCTTGTTCAGGTGTGTTTGA	male	14	37	0.378378	female	0	12	0	male-biased	0.378378	0.0312734	1	11.1911	0	false	false	true	bayes_factor_only
23251469	TGCAGGTGGAGGCCAAGGGGTACCCTAGGGGCCCAACTACAAGCCCAGGGAGTAAGGCTGGCCCCTGGGCAGCTCCCCAGGGTCAGTGGCCCTG	male	19	37	0.513514	female	12	12	1	female-biased	-0.486486	0.00707835	1	66.1735	4.76624e-07	false	false	true	bayes_factor_only
23374879	TGCAGGTTAAGGCCAAGGGGGCCCTTAGGGGCCAAACTGCAAGCCCAGGGAGTAAGGCTTGCCCCTGGGCAGCTCCCTGGGGTCAGAGGCACTG	male	6	37	0.162162	female	7	12	0.583333	female-biased	-0.421171	0.0125822	1	14.4353	0.336322	false	false	true	bayes_factor_only
23476461	TGCAGGTTAAGGCCTAGGGGGCCCTTAGGGGCCCAACTGCATGCCCAGGGAGTAAAGCTGGCCCCTGGGCAGCTCCCTGTGGTCAGAGACCCTG	male	21	37	0.567568	female	12	12	1	female-biased	-0.432432	0.0154519	1	26.319	1.4843e-08	false	false	true	bayes_factor_only
23503420	TGCAGGACCTCCATTAGCCCACAAAACAGTAGCCGAGCATCAAGGCATTGACTTGGTAAGGATTTTTGTAATTTATGTTACCATTCCTCCGTTT	male	14	37	0.378378	female	0	12	0	male-biased	0.378378	0.0312734	1	11.1911	0	false	false	true	bayes_factor_only
23537113	TGCAGGAGGCGCATTCACAAGCGATTGGAGCACCTAAAGTACAGTTACCTTGCTTTATTTCTTTACACAGAACAGTGGAATAAAGCTTTTTAAG	male	14	37	0.378378	female	0	12	0	male-biased	0.378378	0.0312734	1	11.1911	0	false	false	true	bayes_factor_only
23696175	TGCAGGGACACCGGACCTCCAGGACCAAGATTGATGACCCCTGCTCTTGTGGAGTAGCTGCTTTTCTTGTATGAGGACATTTTATCAATGTTCT	male	16	37	0.432432	female	0	12	0	male-biased	0.432432	0.0154519	1	26.319	1.4843e-08	false	false	true	bayes_factor_only
24041815	TGCAGGACAGCAGTGATGTGTGAACTGAATTTGGTGAGAATACAGTAATTTACTGTAAAGTTATTGAATATTTTTAATAATAAAAATTCATAAA	male	36	37	0.972973	female	8	12	0.666667	male-biased	0.306306	0.0125144	1	10.5381	0.942104	false	true	true	posterior_only
24060310	TGCAGGACCGGGGAACGGTGCGTGGAGGCCTGTGGAGCTGGAAGATCACGGCTCACGAGGGCCTGGAGACCGGCAGTCAGATCCCGTACCTGCG	male	22	37	0.594595	female	2	12	0.166667	male-biased	0.427928	0.0247972	1	10.351	1.53047e-05	false	false	true	bayes_factor_only
24082765	TGCAGGCTGGCAGTTTGAGACTCCTGTTCTAAACTATTAAATGCGTTATTTGATCAAATCTGTGTTGATTTACGGTACATGCATTTCTTGCATA	male	24	37	0.648649	female	2	12	0.166667	male-biased	0.481982	0.0100433	1	25.1154	0.000491217	false	false	true	bayes_factor_only
24271675	TGCAGGTCTGAGGAAAACGGGGTCCGGGCATGTACCTCCAGGCATGCCTCACATTTTACACTTGGTTCCAGGCAGCCTAACCTTTGCACAGCTT	male	0	37	0	female	3	12	0.25	female-biased	-0.25	0.0144391	1	8.47626	0.942104	false	true	false	posterior_only
24380059	TGCAGGACACCGAACCTCCAGGACCGAGATTGGTGATCCCTGCCCTATATGGTGCACCATTCATCAGATACTCTTAAAGGGGTAGTTCACCCCA	male	14	37	0.378378	female	0	12	0	male-biased	0.378378	0.0312734	1	11.1911	0	false	false	true	bayes_factor_only
24439343	TGCAGGGTCTCTGACCCCAGGGAGCTACCTAAGGGCCCTCCAAACTCCCTGGGCTTATAGTTGGGCCCCTATGGGCCCCCTAGGCCTTCACCTC	male	22	37	0.594595	female	2	12	0.166667	male-biased	0.427928	0.0247972	1	10.351	1.53047e-05	false	false	true	bayes_factor_only
24574124	TGCAGGTATTTGGAGCTCAGGTAAATGACTGCAGAGTTTGCTGGGCAGGGTGTCCCTGTCTGGGCGAGGAAAGTATGGCTCTGGTCCCAGTCGC	male	19	37	0.513514	female	1	12	0.0833333	male-biased	0.43018	0.0216351	1	13.4959	4.76624e-07	false	false	true	bayes_factor_only
24758956	TGCAGGGTCTCTGCCCCAGAGAGCTGCCTAGGGGCCATTCAAACTCCCTGGGCAAGCAGTTGGGCCCCTAAGGGCCCCCTAGACCTCCACCTCC	male	18	37	0.486486	female	12	12	1	female-biased	-0.513514	0.00463142	1	107.967	2.70086e-06	false	false	true	bayes_factor_only
24765387	TGCAGGAACGCTTTCTCTGCCGTTCCAGATGACTTTATTAATGCGTTATTGGAGTCACTGCAGATATGTGTGGATGCAGTCCTCCAAGCTCATG	male	19	37	0.513514	female	1	12	0.0833333	male-biased	0.43018	0.0216351	1	13.4959	4.76624e-07	false	false	true	bayes_factor_only
24828078	TGCAGGAAAAGGCCAAGGGGGCCCTTAGGGGCCAGACTGCAAGCCCAGGGAGTAAGGCTGGCCCCGGGGCAGCTCCCTGGGGTCAGAGAACCTG	male	16	37	0.432432	female	11	12	0.916667	female-biased	-0.484234	0.00941462	1	32.557	1.53047e-05	false	false	true	bayes_factor_only
25295374	TGCAGGGAGCAACCATTTTCACAAAATTAGACCTCCGCAATGCCTACCACCTGGTTCGGATTAGGGATGGGGACGAATGGAAGACCACCTTTAA	male	15	37	0.405405	female	0	12	0	male-biased	0.405405	0.0221695	1	17.0299	2.6198e-09	false	false	true	bayes_factor_only
25444120	TGCAGGTAAAGGCCAATGGGGCCCTTTGGGGCCCAACTGCAAGCCCAGGGAGGCTGGCTGGCCCCTGGGCTGCTCCCTGGGGTCAGAGACCCTT	male	14	37	0.378378	female	0	12	0	male-biased	0.378378	0.0312734	1	11.1911	0	false	false	true	bayes_factor_only
25632781	TGCAGGAAATCCACGTCATTTCAGAAAAAATGCCAGATCTGCAAAAATTTGTTGAGTTTGCTTGATTTTGTGATAAATTCAGCAAGTACAAAAT	male	14	37	0.378378	female	0	12	0	male-biased	0.378378	0.0312734	1	11.1911	0	false	false	true	bayes_factor_only
25657132	TGCAGGGTTGATAACAGCTGTCCTGCCGCTGAGTGAACCCACTACTAATTAACTCAGCTATCTCTGACTAGCGTTCCCATTGAACTGGCTTATG	male	14	37	0.378378	female	0	12	0	male-biased	0.378378	0.0312734	1	11.1911	0	false	false	true	bayes_factor_only
25782169	TGCAGGCCGGAGTGAGGGACTGCAGTGAGAGACTCTGTAACGCCCAGGGACGCTGCGCTCGATGGGACCCTCACTCACATCACATGATCCCGCT	male	14	37	0.378378	female	0	12	0	male-biased	0.378378	0.0312734	1	11.1911	0	false	false	true	bayes_factor_only
25917016	TGCAGGTGGGACGCCGGCTCCCGAGAGGTCTAAAGGTCAGAGGGCCCCCAAATTCAGCGTGGTGGTGGTACAGGGGCCCCCGACGTGACACCCC	male	8	37	0.216216	female	8	12	0.666667	female-biased	-0.45045	0.0111721	1	17.7321	0.0820864	false	false	true	bayes_factor_only
26195847	TGCAGGGTATCTGACCCCAGGGAGCTGCCCAGGGGCCAGCCAGCCTCCCTGGGCTTGCAGAGGGGCCCCAAAGGGCCCCCTAGGCCTTCACATC	male	17	37	0.459459	female	11	12	0.916667	female-biased	-0.457207	0.0144678	1	20.708	2.70086e-06	false	false	true	bayes_factor_only
26230486	TGCAGGGCGGCACATGAAAGCCTCCTGTCAGTCCTTGAGCCACAACAGACCACCGTGACTGTTTAATGTCTGTATCAGTATCCGTCATCTCATT	male	14	37	0.378378	female	0	12	0	male-biased	0.378378	0.0312734	1	11.1911	0	false	false	true	bayes_factor_only
26384470	TGCAGGCCCAGGGTGGCTGGCTGGCCCCTGGGCAGCTCCTTGGGGTCAGAGAACCTGGAGGTGGAGGCCAGGGGCCCCTTAGGGGCCCAACTGC	male	1	37	0.027027	female	4	12	0.333333	female-biased	-0.306306	0.0125144	1	10.5381	0.942104	false	true	true	posterior_only
26494024	TGCAGGCCCAGGGAGGCTAGGTGGCCCCTAGGCAGCTCTCTGGGGTCAGAGGCCCTGGATGTGAAGGCCTAGGGGGCCCTTAGGGGCCCAACTG	male	2	37	0.0540541	female	5	12	0.416667	female-biased	-0.362613	0.00817794	1	16.4831	0.942104	false	true	true	posterior_only
26726974	TGCAGGGTCTCTGCCCCAGAGAGCTGCCTAGGGGCCACTCAGACTCCCTGGGCAAGCAGTTGGGCCCCTAAGGGCCCCCTGGACCTCCACCTCC	male	18	37	0.486486	female	11	12	0.916667	female-biased	-0.43018	0.0216351	1	13.4959	4.76624e-07	false	false	true	bayes_factor_only
26897826	TGCAGGGAAACAGTCAGAATACAAGTTTAACACTGCACTACTGCTCAGATGTTTGGGATTCATATGATTTTTATTTGAAAGAAGTCTCCTGTGA	male	14	37	0.378378	female	0	12	0	male-biased	0.378378	0.0312734	1	11.1911	0	false	false	true	bayes_factor_only
26944395	TGCAGGGTAATGTACAGTTCTCCGTGGTGGTATGGATTTTTCTGCATGAGTGTAAAATTGGAGGATAAAGTTGAGTCTGAATACACAGAAAGAC	male	16	37	0.432432	female	0	12	0	male-biased	0.432432	0.0154519	1	26.319	1.4843e-08	false	false	true	bayes_factor_only
27307147	TGCAGGCCAAGGGAGGCTGTGTGGCCCCTAGGCAGCTCTCTGGGGCAGAGACCCTGGAGTTAAGGCCTAGGGACCCTTAGGGGCCCAACTGCAA	male	0	37	0	female	3	12	0.25	female-biased	-0.25	0.0144391	1	8.47626	0.942104	false	true	false	posterior_only
27308439	TGCAGGACGAATTAACTCACACAGAAAAAAACTATATAAACATAGTCTTAATATAGGGTTTGATATACAGTTGAAGTGAGAATTATTAGCCCCC	male	15	37	0.405405	female	0	12	0	male-biased	0.405405	0.0221695	1	17.0299	2.6198e-09	false	false	true	bayes_factor_only
27533893	TGCAGGTAAAGAAAAAAGGGGCCCTTAGGGGCCCAACTACAAGCCCAGGAAGGCTGGCTGGCCCCTGGGCAGCTCCCTGGGGTCAGAGACCCGG	male	19	37	0.513514	female	1	12	0.0833333	male-biased	0.43018	0.0216351	1	13.4959	4.76624e-07	false	false	true	bayes_factor_only
27628307	TGCAGGCCCACCGAGGCTGGGTGGCCCCTAGGCAGGTCTGTGGGGCAGAGACCCAAGAGGTGAAGGCCTAGGGGGCCCTTAGAGGCCCAACTGC	male	0	37	0	female	3	12	0.25	female-biased	-0.25	0.0144391	1	8.47626	0.942104	false	true	false	posterior_only
27693853	TGCAGGAAAAGGCCAAGGGGGCCCTAAGGGGCCAGACTGCAAGCCCAGGGAGTAAGGCTGGCCCCTGGGCAGCTCCCTGGGGTCAAAGGCCCTG	male	17	37	0.459459	female	11	12	0.916667	female-biased	-0.457207	0.0144678	1	20.708	2.70086e-06	false	false	true	bayes_factor_only
27772256	TGCAGGTCAGGACCGCGGCGGGCCTCCACCAGAGTTTCCCCTGGCTTCGCCCTGCCCAGGCATAGTTCACCATCTTTCGGGTACCATCGCGCGC	male	1	37	0.027027	female	6	12	0.5	female-biased	-0.472973	0.000325653	1	254.311	0.99809	false	true	true	posterior_only
27785028	TGCAGGGTCTCTGTCCCAGAGCGCTGCCTAGGAACCATGCAGACTCCCTGGGATTGCAGTTGGGCCCCTAAGGGACCCATAGGCCTTCACCTAC	male	15	37	0.405405	female	0	12	0	male-biased	0.405405	0.0221695	1	17.0299	2.6198e-09	false	false	true	bayes_factor_only
27904648	TGCAGGAACACTTTCTTTCCCATTCCAGATTTTATTATTAAGTTATTTGAGTCATTGCAGAGATGTATGAATGCAGTCGTCCAAGCTCATCAGA	male	14	37	0.378378	female	0	12	0	male-biased	0.378378	0.0312734	1	11.1911	0	false	false	true	bayes_factor_only
28008640	TGCAGGTTCTCCGGTTTGCCCCACAGTCCAAACACATGCACTATAGGTGAATTGGGTAAACAAAATTGGCCGTAGTGAATGTGAGATTGTATGA	male	22	37	0.594595	female	2	12	0.166667	male-biased	0.427928	0.0247972	1	10.351	1.53047e-05	false	false	true	bayes_factor_only
28033701	TGCAGGCACATCCATCTGAGGGCTAAGTTCTTTGAAAGATGTATTCATGATAACAGGGTTACGATTAAGTGCAGTCCCCAGGGTGCCATCAAAG	male	14	37	0.378378	female	0	12	0	male-biased	0.378378	0.0312734	1	11.1911	0	false	false	true	bayes_factor_only
28282100	TGCAGGTTTGATTGTGACTTCGTGTTACCGTGCCAGGGCATGGTGGGTAGTAGGGTTAGACTAACGCCCTTGCTGCCGAGCGCTTTGCAGAGCG	male	14	37	0.378378	female	0	12	0	male-biased	0.378378	0.0312734	1	11.1911	0	false	false	true	bayes_factor_only
28305509	TGCAGGACTCCCAGAGTTCATCAAGAGTCTTTGAGTTCATCTTCAACGCCTCCTCCTTCATCTGACCCCAGACGTGCTCAATAATGTTCATGTC	male	14	37	0.378378	female	0	12	0	male-biased	0.378378	0.0312734	1	11.1911	0	false	false	true	bayes_factor_only
29083136	TGCAGGTAGGACGAATGTTATCTGAATGTTACCTGTTTGCAGCCGGTAGTCGAAGTTACCTGCTGAAAGACGAAAACCCATCTAGTGTTTTGTC	male	14	37	0.378378	female	0	12	0	male-biased	0.378378	0.0312734	1	11.1911	0	false	false	true	bayes_factor_only
29116944	TGCAGGTAAAGGCCTAGGGGGCCCTTAGGGGCCCAACTGCAAGCCCTTTAGGCTGGGTGGCCCCTAGGCAGGTCTCTGGGGCTGATCCCCAAGA	male	14	37	0.378378	female	0	12	0	male-biased	0.378378	0.0312734	1	11.1911	0	false	false	true	bayes_factor_only
29292024	TGCAGGAAAATATCAGGCTTTGCTAAAAGACTCGTTATTTTACCAATGATCAGTGTCAATAGTGGTAGCCTATTGCACATTTTTTTTAAAAGTT	male	14	37	0.378378	female	0	12	0	male-biased	0.378378	0.0312734	1	11.1911	0	false	false	true	bayes_factor_only
