#source:rsx-triage;min_depth:10;signif_threshold:0.05;posterior_threshold:0.9;bayes_factor_threshold:10;prior_probability:0.05;linked_probability:0.9;n_markers:385189
id	sequence	Group1	Group1_Present	Group1_Total	Group1_Penetrance	Group2	Group2_Present	Group2_Total	Group2_Penetrance	Bias_Direction	Bias	P	CorrectedP	Bayes_Factor	Posterior_SexLinked	Strict_Call	Posterior_Call	Bayes_Factor_Call	Candidate_Class
2604	TGCAGGAACCCAGTTCTTTAGATGGAACTCAGACCAGAGTTATGTGGAGACAAGAGCTACGAAAACCAACGCCTTCTCATCAGAATGAAAGTGT	male	5	17	0.294118	female	0	25	0	male-biased	0.294118	0.0162307	1	12.6308	0.00488232	false	false	true	bayes_factor_only
59328	TGCAGGATCAGCTGTTCTTCAAATGCTGATTTTAAACCATTGTCTGTCTCTTTTAAAAACGGTCTTTCTCTTATGTGTGAATGCTTATGTAAGG	male	0	17	0	female	8	25	0.32	female-biased	-0.32	0.0283784	1	10.0267	8.30881e-08	false	false	true	bayes_factor_only
184971	TGCAGGAGAGGGGAGCGTGCTCTGAGATCAGCTGCTAGGCTGCAGCGGGGAGAAGAGGGGGGAGAAAAAGAGATCTCTGTCCTCCGTGTTTTAT	male	1	17	0.0588235	female	11	25	0.44	female-biased	-0.381176	0.0194842	1	13.4083	6.73009e-06	false	false	true	bayes_factor_only
188150	TGCAGGGCCGAACATGTGATGCATGACGTCTTTATGCTTTCTCACTGGAGATGAATCTATCAAGTGCCTTTGACACAGAGTTAACAAATCAGTG	male	1	17	0.0588235	female	13	25	0.52	female-biased	-0.461176	0.00545946	1	54.9382	0.000544844	false	false	true	bayes_factor_only
211007	TGCAGGATATATTGCCACACCCACACCAACTGTAGTTCATTTCCACCACACACACCCACCATCTGAAATATATGCTAGTTGCAATCAAATTTAA	male	10	17	0.588235	female	4	25	0.16	male-biased	0.428235	0.010579	1	19.7418	0.0422891	false	false	true	bayes_factor_only
225534	TGCAGGCCTCCACTGGGACTGTATTACTGAAGGCTTTTCTTCTCTGCCTCTGTTTTATTTTTTTTGGGTGGGCAGGGCGGGTTTGCGAGTGTGA	male	2	17	0.117647	female	13	25	0.52	female-biased	-0.402353	0.0191234	1	12.8189	6.05676e-05	false	false	true	bayes_factor_only
236999	TGCAGGCTTTGTAAAGATTTATTGACGTGCAAACCATCTCCGTCTGGGTCCACTGACTCCTCCCACTGACAGCCACCTGTAAACGGGTGCAGAT	male	5	17	0.294118	female	18	25	0.72	female-biased	-0.425882	0.0161249	1	13.8003	0.00488232	false	false	true	bayes_factor_only
302099	TGCAGGTCACGAAAACAGTTTTTCATGTTACTTTTGACCATGAAAACATATTTTTTTCCTTCAAGATGGTTTAAGGAAAACTGTATTAACATAC	male	0	17	0	female	9	25	0.36	female-biased	-0.36	0.0160476	1	20.0534	7.47793e-07	false	false	true	bayes_factor_only
313471	TGCAGGTACTGGATGCCTCTCTTTGGTTTCTTGTTGAACCTGCAGCAGAATCACAGTCAGTCACAGAGACAGCAGAATAAAGAGGGATGTCAAA	male	8	17	0.470588	female	2	25	0.08	male-biased	0.390588	0.0108299	1	18.5379	0.0422891	false	false	true	bayes_factor_only
314681	TGCAGGGATCTGCTGCCGAAGCGAAAAGCAGGAACGTTTTACAAATGGAGAAAAATACCAGGAGTGAAAGGGTTAAAGGAAGCATCTTTGCAAC	male	2	17	0.117647	female	13	25	0.52	female-biased	-0.402353	0.0191234	1	12.8189	6.05676e-05	false	false	true	bayes_factor_only
321112	TGCAGGAGGAGTGATGTCAGCGACACCAGCTGATCCAGGCTCAACCGTCTCACACTTTGAAAAGAAACTAAAGCAAATCTTAAAAGTGTGTTTT	male	3	17	0.176471	female	15	25	0.6	female-biased	-0.423529	0.0161797	1	14.6205	0.000544844	false	false	true	bayes_factor_only
348677	TGCAGGGTGTCCAGCTCCTGTCTGATCTCCAGGATTTCGCCGAGTGCTTTCAGCATGCTGTCCTCAGTCCCAAACACCTGTAGCGTCACCTCCT	male	1	17	0.0588235	female	11	25	0.44	female-biased	-0.381176	0.0194842	1	13.4083	6.73009e-06	false	false	true	bayes_factor_only
357298	TGCAGGCAGAGATGGGGTCGTTACTAAAAAAAAGTAATAATTACATACTTTTTTAAAAACTAATATATTACACTACTTCGTTACTCTCTACATA	male	1	17	0.0588235	female	11	25	0.44	female-biased	-0.381176	0.0194842	1	13.4083	6.73009e-06	false	false	true	bayes_factor_only
429476	TGCAGGTCGTAGTAGCCGCTGTTGTTGGAGCCCAGGTCTGCGGGAGAAGCAGCAGCGTGTCACAACTCATCCAACCGTGGATAATCATTGACAC	male	3	17	0.176471	female	15	25	0.6	female-biased	-0.423529	0.0161797	1	14.6205	0.000544844	false	false	true	bayes_factor_only
434302	TGCAGGGGCGCCGCCAGGGATTTTGGGCCCCATGAAAAGATATCACATTGGGCCCCACCACTAGGCCCAGGCCACGCCAACCAAGCAAAATGCT	male	9	17	0.529412	female	23	25	0.92	female-biased	-0.390588	0.0108299	1	18.5379	0.0422891	false	false	true	bayes_factor_only
445181	TGCAGGACATTAGTTACACATGTAACATAAAAACAACAAGGATGACATACAACATAATGTACAGGGTAAAGTTTACAAACTCTATTTACAGTGA	male	9	17	0.529412	female	2	25	0.08	male-biased	0.449412	0.00380341	1	53.9283	0.284389	false	false	true	bayes_factor_only
448429	TGCAGGGAGTACACCCCTCGATGCTTCCCCAGAACGCCTCGTTCGAGATTTTTCTTTTTCCATTTTTGTCTTCCTGGTCATAGTGACGTAACGG	male	5	17	0.294118	female	0	25	0	male-biased	0.294118	0.0162307	1	12.6308	0.00488232	false	false	true	bayes_factor_only
499550	TGCAGGCCTGAGAGCCACACACGGGTAAAACAATTCCTCTATGTTGTTCTATGTCTCTCTCCCTCCCTCTCCCTTTCTCCCGTTGCAAGCCTCT	male	4	17	0.235294	female	18	25	0.72	female-biased	-0.484706	0.00556231	1	41.2628	0.0422891	false	false	true	bayes_factor_only
514586	TGCAGGGCTCGCGGCATTCCTCTGTCCGAGATACGCCTCCTACACAAGGTCATAATAAACCCATGAGCGCTGTTATAACGCCTCGTGTGGACAG	male	6	17	0.352941	female	19	25	0.76	female-biased	-0.407059	0.0204592	1	10.6755	0.00488232	false	false	true	bayes_factor_only
592501	TGCAGGCAAACACAAGAGACACGTTGGCCTCTAGGAATTGTGATCTACACGGTGGCCACTGAGGATGCTTTAAAGTGCATGAAGGCATCCGAGA	male	0	17	0	female	9	25	0.36	female-biased	-0.36	0.0160476	1	20.0534	7.47793e-07	false	false	true	bayes_factor_only
638198	TGCAGGTGTGTTTCTTTCAGGTATCTCAGTTAAACTTGATGCTGATGTATATTTCGCTTGCACAAAATGTCTTTAGACAATTATTGACTGATTG	male	5	17	0.294118	female	0	25	0	male-biased	0.294118	0.0162307	1	12.6308	0.00488232	false	false	true	bayes_factor_only
643611	TGCAGGGGGGTCTAGGCCTGGGGGGATTCTCCCCCAGGAGATTTTTTGAAATACTAACATAAAATACACATTCTGGTACTCTCTTGATAAGAAA	male	5	17	0.294118	female	0	25	0	male-biased	0.294118	0.0162307	1	12.6308	0.00488232	false	false	true	bayes_factor_only
658160	TGCAGGCGGAGGTTAGTTTAGGTTAGTTCAAATAAAGCTCATTGAAGGCAATATGGAGCAGCTTCATTATGACCCATCACACGTCTCTAAGTGT	male	12	17	0.705882	female	25	25	1	female-biased	-0.294118	0.0162307	1	12.6308	0.00488232	false	false	true	bayes_factor_only
765132	TGCAGGCCTGGAGGCGCAGGGTGGTGGTGCCGGAGGTGGCGCCCAGCAGCTACAGGTACCTGAGAGGGACAAACTACATCTATCATTCACAGAG	male	5	17	0.294118	female	0	25	0	male-biased	0.294118	0.0162307	1	12.6308	0.00488232	false	false	true	bayes_factor_only
784626	TGCAGGCTGATGGCACTGCAGATGGTACGTGGCGCCTCAGTGGAAATATCAATATATTGACAGAATGCATAATAGTGTGGACAGACTGTTGGAT	male	7	17	0.411765	female	21	25	0.84	female-biased	-0.428235	0.010579	1	19.7418	0.0422891	false	false	true	bayes_factor_only
795215	TGCAGGTGGAGTCGGGCACGTGCAGCTGGGAGAGCTTGTCCTGCAGCATAGCCGGGATGATGGTGTTGAAGGCGGAGCTGAAGTCCACAAACAG	male	0	17	0	female	8	25	0.32	female-biased	-0.32	0.0283784	1	10.0267	8.30881e-08	false	false	true	bayes_factor_only
827664	TGCAGGTTAGCATCCAGCAGCTTCTATATGCTAGAGACCCTACAAACAAACACTTTACTGGCTTTTTTATTTATTTGATTTTATCTTTATTTAT	male	1	17	0.0588235	female	11	25	0.44	female-biased	-0.381176	0.0194842	1	13.4083	6.73009e-06	false	false	true	bayes_factor_only
836531	TGCAGGGACTGTGCCTGCATCATCTACAGGTACGTGTTGTACTTCTACTCCACTAGAGTTCAGAGGTACATGGTGTACTTTTACTCCACTACAT	male	5	17	0.294118	female	0	25	0	male-biased	0.294118	0.0162307	1	12.6308	0.00488232	false	false	true	bayes_factor_only
844126	TGCAGGTACCACGACGTTCAGCTCTGTGGAGTGTGATGGATGTTATTTATTATTTCTGCTGATGATAACTCCCACGATGAATGTGCAGGATCGC	male	1	17	0.0588235	female	12	25	0.48	female-biased	-0.421176	0.0105247	1	26.5219	6.05676e-05	false	false	true	bayes_factor_only
882096	TGCAGGTCAAAAGTGTCAAAAGTGTTCTGCTCTTTTCTCATCAAGCATCACATTATTAGTAGTGGTGCACGATAATTATCGGTCCGATATTAGG	male	11	17	0.647059	female	3	25	0.12	male-biased	0.527059	0.0012678	1	170.625	0.781501	false	false	true	bayes_factor_only
898543	TGCAGGGACACACAGAGCAAGGGTGGAGGGAAAATATATGTTAGATTTTGTCAAAATGAGGCAAAGAATGGCTGACAATTTGGAGAAATTCTAA	male	4	17	0.235294	female	18	25	0.72	female-biased	-0.484706	0.00556231	1	41.2628	0.0422891	false	false	true	bayes_factor_only
963062	TGCAGGGGGCTTCAGCTTCTCGTTTTTCTTTTTCCTCCACTTCCACGGTTTGAAGATGCGTCCCAGGCTGGCCAGTTTGCTGTTGCGTCGGACG	male	1	17	0.0588235	female	11	25	0.44	female-biased	-0.381176	0.0194842	1	13.4083	6.73009e-06	false	false	true	bayes_factor_only
1043744	TGCAGGTTTCACCAACTCAAGACTTTTTAAGACCACTTTGAATAGAATTTAAGACCTATTTCACGGCAAGAAAGTATGAAGGAAAATTGCTATG	male	3	17	0.176471	female	15	25	0.6	female-biased	-0.423529	0.0161797	1	14.6205	0.000544844	false	false	true	bayes_factor_only
1060346	TGCAGGTCCGCTGCAACTCTGACTACTTTGAAATCCAGGCTGAAGACTTTTGTTTTTGCCGCTGCTTTTAATTGATATATTACAATTGTGCACA	male	0	17	0	female	8	25	0.32	female-biased	-0.32	0.0283784	1	10.0267	8.30881e-08	false	false	true	bayes_factor_only
1127367	TGCAGGTCACCCTTGGAAAAGAGATCTTTTGATCTCAAGGGGCCTGGTTAAATAAAGGCTACAAACACTACCTATATCTGTCCACAGATGGCAG	male	5	17	0.294118	female	20	25	0.8	female-biased	-0.505882	0.00309374	1	71.1699	0.284389	false	false	true	bayes_factor_only
1146314	TGCAGGACATTAGTTACACATGTAACATAAAAACAACAGAACAGCAATAAGGATGACATACAACATAATGTACAGGGTACAGTTTACAAACTCT	male	11	17	0.647059	female	5	25	0.2	male-biased	0.447059	0.00919346	1	23.2671	0.0422891	false	false	true	bayes_factor_only
1229290	TGCAGGAATCGCAGCCTACCAGAGTCAAGAGACAGTGATAAAAGGAAATGTGAGCCTGCTGTGTGGATCGATCCCAGATGACTACTGCCAAGCC	male	3	17	0.176471	female	17	25	0.68	female-biased	-0.503529	0.00382288	1	64.1866	0.0422891	false	false	true	bayes_factor_only
1234313	TGCAGGGCGATGGCCTGGGTCAGACCTCTCTGCTCCGTCAGCTGCTGCTCCAACTCCTGCACACAGAGAGGGATAGAGTGAGATGTACAGAACA	male	17	17	1	female	15	25	0.6	male-biased	0.4	0.00883346	1	41.3602	6.73009e-06	false	false	true	bayes_factor_only
1317554	TGCAGGATGGGAAAGAGGAAGAGGAAACATTTATTAAAGTCTGAGTGTAGCTCACTGTAACAGGATGTTGTTTTATGGTTTTAATTTGAACCTG	male	9	17	0.529412	female	23	25	0.92	female-biased	-0.390588	0.0108299	1	18.5379	0.0422891	false	false	true	bayes_factor_only
1342710	TGCAGGATTTCCACGTTAATATCAGTGTCTCGAAAACACATGACAGACATCCAGTGTTTGGTCTTTTCCGGAAGCATCCTTCAGTGTCTCAACT	male	0	17	0	female	10	25	0.4	female-biased	-0.4	0.00883346	1	41.3602	6.73009e-06	false	false	true	bayes_factor_only
1397588	TGCAGGTAACGGTGGGTGAAATTTGTTGGACAACCTGGGGCTTTCGTCCCCCCGCGAGCAAAGAGTCGAGGTTGAACCCATTGAATGGTATCCC	male	8	17	0.470588	female	23	25	0.92	female-biased	-0.449412	0.00380341	1	53.9283	0.284389	false	false	true	bayes_factor_only
1408291	TGCAGGAGACTTTGGAACAGTAAGAAGAGTTTGTTTGATATTCAACTAATTCAACACTCATTCTTTTTTACCTTCAAAACTAATAGCTTACCCT	male	2	17	0.117647	female	13	25	0.52	female-biased	-0.402353	0.0191234	1	12.8189	6.05676e-05	false	false	true	bayes_factor_only
1411189	TGCAGGCCGCAGGCCTCCAGCTGCTCGATGAGGCAGTGGGTCCACTGGTAGTCAGTGCTGCTGTAGCTAATGAAGACATGGTAACACTCTCCAT	male	17	17	1	female	17	25	0.68	male-biased	0.32	0.0283784	1	10.0267	8.30881e-08	false	false	true	bayes_factor_only
1413903	TGCAGGTAAATAAGTCTCTGAACATTTAACCACATCTGTACTCTAACAGAAACATCTGTTGTGTCTCTGCAGGATCTCCCTGATGTTCAGGAGC	male	11	17	0.647059	female	4	25	0.16	male-biased	0.487059	0.00366708	1	57.9092	0.284389	false	false	true	bayes_factor_only
1438108	TGCAGGAGAGGAAGAGGAAGAGAAAAACAAGAAACATATGTAAACAGGAAAGAGATGGGAGCGTCATGTTGAAGATGTCCTCAAAAGTCACTGA	male	5	17	0.294118	female	19	25	0.76	female-biased	-0.465882	0.00742666	1	29.6541	0.0422891	false	false	true	bayes_factor_only
1442744	TGCAGGGACACTGTGACGTCCAGAAGTTCAGCTGAGTCGAGGTCTGAGTGAAGAGGAAATGAATTGTTCTCCTGCAGATTCTGAGGAAACCCCC	male	1	17	0.0588235	female	11	25	0.44	female-biased	-0.381176	0.0194842	1	13.4083	6.73009e-06	false	false	true	bayes_factor_only
1443663	TGCAGGTTTCGCCAACTTAAATTTAAGACTTTTTAAGACCTTTTTAAGACCACTTTGAATAGAATTTAAGACCTATTTCACGGCAAGAAAGTAT	male	10	17	0.588235	female	24	25	0.96	female-biased	-0.371765	0.00901836	1	22.3049	0.0422891	false	false	true	bayes_factor_only
1464822	TGCAGGCAGGGCCTCGGGCATATGAGTTGATTGCAAATTGGATTGAAACATGAGAAGCAAAACTATTTTTTTCGAGGTTGGATGATTGCAAGAA	male	12	17	0.705882	female	25	25	1	female-biased	-0.294118	0.0162307	1	12.6308	0.00488232	false	false	true	bayes_factor_only
1540155	TGCAGGCCATTTACCTTAATTAACAGACTATAAATTTGAAGCGCCAAAAGGTCATATTACTGAAACGTCCTTGGTGATTCTGGTCTTGAGACCT	male	2	17	0.117647	female	13	25	0.52	female-biased	-0.402353	0.0191234	1	12.8189	6.05676e-05	false	false	true	bayes_factor_only
1542392	TGCAGGGAGGTAACATGTGTTCCCATCTCCTCTCTCTCTGTCTCTGTGGAGCAGGTGTGCGGCTCAGACGGGGTGACCTACGCCGACCAGTGCC	male	3	17	0.176471	female	16	25	0.64	female-biased	-0.463529	0.00812852	1	29.5488	0.00488232	false	false	true	bayes_factor_only
1607342	TGCAGGAAGGGACTGTGATCATGACTCTGTGTTTAGGGTCTGCATCCTGAGGCTCAGTCTGGAGAGCATGGAGATGTTTGAGTGAATCCGGTAC	male	1	17	0.0588235	female	11	25	0.44	female-biased	-0.381176	0.0194842	1	13.4083	6.73009e-06	false	false	true	bayes_factor_only
1645709	TGCAGGGAGGAAATTGGTAGCCCGCGTGCATGTTCTAAAAATAGCACAAGTCACCATGGAGCTCCGTCTAAAAAAATTATTGAATACATTTTTA	male	11	17	0.647059	female	6	25	0.24	male-biased	0.407059	0.0204592	1	10.6755	0.00488232	false	false	true	bayes_factor_only
1648817	TGCAGGGCCTTTAGAAAAAGGAAGCCTCCATAAACAAATCATCAAAAGAATGGTCACTTACCTTCAGTCGATAGGTATGATGGGGTTCGTTTGT	male	8	17	0.470588	female	2	25	0.08	male-biased	0.390588	0.0108299	1	18.5379	0.0422891	false	false	true	bayes_factor_only
1734331	TGCAGGGGGGCGTGGTCAGCTGCAGCTCACAGAATCGGCCTTTTCTTTAAAAATAATTTTAAAATGTCGATACAGTAGCCCCTTTTTTAAATTG	male	9	17	0.529412	female	3	25	0.12	male-biased	0.409412	0.0112462	1	18.1715	0.0422891	false	false	true	bayes_factor_only
1815549	TGCAGGCGACTAACTGTGGGATCGTGGAGAGCATCTTGAACTGGGTGAAGTTCAAAGCTCAGACGCAGCTCAACAAGAAGTGCTCCTCTGTGAA	male	12	17	0.705882	female	25	25	1	female-biased	-0.294118	0.0162307	1	12.6308	0.00488232	false	false	true	bayes_factor_only
1816509	TGCAGGGATGGAGGGTGCTAATCTGACAGTGATCTAGTAACTCACTAAGCAATGACACTGGCTTACTGAGAGGGGAGTGTGTGTGTGTGTGTGT	male	2	17	0.117647	female	14	25	0.56	female-biased	-0.442353	0.0100545	1	25.2372	0.000544844	false	false	true	bayes_factor_only
1882701	TGCAGGTTTCTGGGAGTTTGTTCCAGATGTTTGGAGCATAATAACTAAACGCTGCTTCTCCATGTTTAGTTCTGACTATGGGGACAGAAAGCTG	male	5	17	0.294118	female	0	25	0	male-biased	0.294118	0.0162307	1	12.6308	0.00488232	false	false	true	bayes_factor_only
1938517	TGCAGGTTTTGTTATATGAAAGACATGTCAAGCACACAGGTCCCGTCAAATGGAACACGCTGGAAATGTTAATTGTTTTCTTTATTAGAGCTGA	male	5	17	0.294118	female	18	25	0.72	female-biased	-0.425882	0.0161249	1	13.8003	0.00488232	false	false	true	bayes_factor_only
1973553	TGCAGGAAACAACAGTTGTTCAATTTGAAATGCTCCCTGTTCGCGCTCTAAATAAATAAATAACTGTGCAGAGATGTTTACGTCTGTGTGTATA	male	6	17	0.352941	female	19	25	0.76	female-biased	-0.407059	0.0204592	1	10.6755	0.00488232	false	false	true	bayes_factor_only
2003472	TGCAGGGAGACACACAGAGGGGAGTCAGGGTTTAAAGAAGGGGTCCTATCCATACGTAGGGTCTCTACTTTAAAGAGTCCTCTCCTGCTGATGT	male	6	17	0.352941	female	0	25	0	male-biased	0.352941	0.0057932	1	38.9451	0.0422891	false	false	true	bayes_factor_only
2006048	TGCAGGGCTGCGTGCTGAGCCCTCTACTCTACACTCTCTACACACACGACTGCTCTCCCATTCACCCCTCCAACTCCATTATCAAATTTGCAGA	male	10	17	0.588235	female	24	25	0.96	female-biased	-0.371765	0.00901836	1	22.3049	0.0422891	false	false	true	bayes_factor_only
2014229	TGCAGGAACGGTATCTCCTCTGTGGAGACAACAGCAAGTTAGTTCTGCTTAACACAAACAATATGAAGTTTTCTATACAATGATCATTAATATG	male	2	17	0.117647	female	14	25	0.56	female-biased	-0.442353	0.0100545	1	25.2372	0.000544844	false	false	true	bayes_factor_only
2015852	TGCAGGGCTTCCAGCTCACACACTCCCTGGGTGGAGGGACCGGCTCGGGCATGGGCACGCTGCTCATCAGCAAAATCAGAGAGGAGTATCCAGA	male	2	17	0.117647	female	14	25	0.56	female-biased	-0.442353	0.0100545	1	25.2372	0.000544844	false	false	true	bayes_factor_only
2070783	TGCAGGGGGACGAGCACATCTAATCAAATCTAATCAATTCAAATCAAACTTTATTTGTATCGCCCAAGATCACAAAACCAAGTGTGTCTCAGTG	male	9	17	0.529412	female	24	25	0.96	female-biased	-0.430588	0.00312604	1	67.4104	0.284389	false	false	true	bayes_factor_only
2124931	TGCAGGTTTCTGGGAGTTTGTTCCAGATGTTTGGAAACACCCCTCACCAGATTCTCACACTCCTCTACCCCTAGTCTTCCTTTGAAATTATAGT	male	11	17	0.647059	female	5	25	0.2	male-biased	0.447059	0.00919346	1	23.2671	0.0422891	false	false	true	bayes_factor_only
2188080	TGCAGGGTACAATTGTGTGTCTGACTGTGCAAAGACTCTGAATTGTGCAAGAATTTCCCACTACAGAGGCACTTCGCCCACTCGGCATTTCATG	male	0	17	0	female	9	25	0.36	female-biased	-0.36	0.0160476	1	20.0534	7.47793e-07	false	false	true	bayes_factor_only
2215856	TGCAGGTAGATCAGGTGACCCGGTTCTGATGAGATCTGCAGCTTTTTCTCCCGTTACAGGATGTGAATATGTGAAATATTGAAAAGTGAAAGTG	male	0	17	0	female	8	25	0.32	female-biased	-0.32	0.0283784	1	10.0267	8.30881e-08	false	false	true	bayes_factor_only
2242048	TGCAGGCTGCAGAAGAACCCCCCCAGGCGACAGGTGACTCTCCCCACCTCCACTTATTCCTTTCCATCCCCTGTGATTAGAACAAAAGCCTGGC	male	5	17	0.294118	female	0	25	0	male-biased	0.294118	0.0162307	1	12.6308	0.00488232	false	false	true	bayes_factor_only
2282817	TGCAGGAACTTGTGATGGATGTACGTTTCACTTCCTGTGGGAGAGCGCCTCCGCCTGTCCACTCTGCACTGAGGACGACTACCACCGGATAGAG	male	12	17	0.705882	female	7	25	0.28	male-biased	0.425882	0.0161249	1	13.8003	0.00488232	false	false	true	bayes_factor_only
2342216	TGCAGGGAGACTGGCCCTATGAGAACAGTAACAGCAGAGATCAGGAGTACCCATCCCTGGATGTCTTCCTAAGAGGAGCCATGAAGAAATCCCT	male	2	17	0.117647	female	13	25	0.52	female-biased	-0.402353	0.0191234	1	12.8189	6.05676e-05	false	false	true	bayes_factor_only
2405124	TGCAGGATACGAGAAACAACACCTCGTTGATCATTCATGTTCAATTCAAATGTATTTCTAGGTGTTTTTTCGAGACGATACCCACCACACAATC	male	9	17	0.529412	female	23	25	0.92	female-biased	-0.390588	0.0108299	1	18.5379	0.0422891	false	false	true	bayes_factor_only
2459072	TGCAGGGGAAAACAAAAGCAGGGCCAGGCTGGAAAAGTGAGGAACTGTGAATTCTCTGGTTCAGAGAGCCAGTGTCTCTTTCCACACTTTGCTG	male	11	17	0.647059	female	25	25	1	female-biased	-0.352941	0.0057932	1	38.9451	0.0422891	false	false	true	bayes_factor_only
2486259	TGCAGGGGGGAATGGTCAGCTGCAGCTCACAGAATCGGCCTTTTCTTTAAATATAATTTCGATGTCGATACAGTAGCCCCTTTTTTAAAATAAT	male	0	17	0	female	10	25	0.4	female-biased	-0.4	0.00883346	1	41.3602	6.73009e-06	false	false	true	bayes_factor_only
2486835	TGCAGGATTTACTTGTGACGGAGTGGGATATCTTTCTCCTCTTCATTTACAAATAAATAGTTTTTTAAGGTACACATTAAAGAGGACATATCAG	male	0	17	0	female	12	25	0.48	female-biased	-0.48	0.00242935	1	195.378	0.000544844	false	false	true	bayes_factor_only
2495285	TGCAGGAATTCTTGCTATAATTTCCATAGAGGGGATGGAAACAAATGTGCACATTGTTAACGGAAGTGTTGCAGCTCACCAACACGACCACTAG	male	8	17	0.470588	female	2	25	0.08	male-biased	0.390588	0.0108299	1	18.5379	0.0422891	false	false	true	bayes_factor_only
2531414	TGCAGGCAAAGAGGTTTAAACAGTAACTGTAGGAACAATATTTAATCTGTCAAGAAAGTACATATGAAAATACCAGGAAATGTCATATTCCGCT	male	6	17	0.352941	female	19	25	0.76	female-biased	-0.407059	0.0204592	1	10.6755	0.00488232	false	false	true	bayes_factor_only
2540423	TGCAGGCAGACCCCTCTCGGTAATCCTGGTCCAGGGACGGGGTCTGTGATCTCATCTAGTGGGGAAAGCCCTACTGGGTGCCAATATGCCCAAG	male	0	17	0	female	8	25	0.32	female-biased	-0.32	0.0283784	1	10.0267	8.30881e-08	false	false	true	bayes_factor_only
2543828	TGCAGGGTCTGTTTCTTGTTGGTTCTTGAACAAACACACTTACATGGCAAATATTTCTGCTGCCAACATGAACACAGTTTCTTGTTATTAAAGA	male	0	17	0	female	8	25	0.32	female-biased	-0.32	0.0283784	1	10.0267	8.30881e-08	false	false	true	bayes_factor_only
2551645	TGCAGGAAAGGCAGAGCAGGCAATGTGAGATACTGCTACATTCATTGTAACCAAACAAGGTAAATAACCTCAGGAGAACGCTGCCTGCTGTAGT	male	5	17	0.294118	female	18	25	0.72	female-biased	-0.425882	0.0161249	1	13.8003	0.00488232	false	false	true	bayes_factor_only
2625730	TGCAGGCCGGAGGAGGAACAGCCGTTACAGATTAATAAAGTATCTATCTACCTATCTATCTTTCTATCCATTACATTTCATTTAGCTGAGGCTT	male	7	17	0.411765	female	21	25	0.84	female-biased	-0.428235	0.010579	1	19.7418	0.0422891	false	false	true	bayes_factor_only
2657659	TGCAGGACGCTCCATGACGGAGTTCTCAGAGCTTGGTGGGGGGGGGGAATTCAGAGTGTAAGTGTAGTCCTCAGCCCTGCGCGCCTCTTTCAAG	male	0	17	0	female	8	25	0.32	female-biased	-0.32	0.0283784	1	10.0267	8.30881e-08	false	false	true	bayes_factor_only
2658430	TGCAGGAGGCGCCACACACACATGTAAGAATGTCCATTTCTATATCCCTTGCTTTTCGTTTAAAGGGGACCTATCATGCAAAATGCACTTTTTT	male	12	17	0.705882	female	7	25	0.28	male-biased	0.425882	0.0161249	1	13.8003	0.00488232	false	false	true	bayes_factor_only
2661039	TGCAGGGTTAGCGACTGAAAGGTATTTCCCCAGCGTGTAATTCAGATTCCTCTCGAGGTTTTCCAGCGTGAGGCCGGGAGCCTCAAACATGCAC	male	6	17	0.352941	female	19	25	0.76	female-biased	-0.407059	0.0204592	1	10.6755	0.00488232	false	false	true	bayes_factor_only
2678260	TGCAGGTGAGTTCAGCAAAAATAATAATATAATAGACGTGGAAGAAAGGGAGGCAGAGATAATTATACCGCTGTGTTTCTTGTCGCTTTGTATG	male	6	17	0.352941	female	19	25	0.76	female-biased	-0.407059	0.0204592	1	10.6755	0.00488232	false	false	true	bayes_factor_only
2679637	TGCAGGGAGGTAGAAAAACTGATATTAAACAGCACAATCTTTGATTCAAAAGCAAATAAAAAAGGAAACTCCAACACCAAAATGTAAAACATGG	male	1	17	0.0588235	female	11	25	0.44	female-biased	-0.381176	0.0194842	1	13.4083	6.73009e-06	false	false	true	bayes_factor_only
2688624	TGCAGGAACCCTGTAAAATGTATTGAAGGAAGTTAAAGAGGTCAGTGTTGTGTTAATGACCAACGAATATATGTTTCCACTGCACTGGAATTTG	male	7	17	0.411765	female	0	25	0	male-biased	0.411765	0.00198201	1	127.457	0.284389	false	false	true	bayes_factor_only
2702676	TGCAGGCTCAGAGGAACAGGTGGCCAAGTGCTGAAATGGTTTCTTTGCATTGATCTGCAAAAGCAATGTGGTGGTCTGCATCCCTATGAGTGTA	male	4	17	0.235294	female	18	25	0.72	female-biased	-0.484706	0.00556231	1	41.2628	0.0422891	false	false	true	bayes_factor_only
2704627	TGCAGGGCTGCAGAATACCTGCTAAGCTGCTGTTGATGTCGCGCAGCTGCTAGCATGAACATGTGTGCAAAAATAACGCTAAATTATGAATCAG	male	1	17	0.0588235	female	11	25	0.44	female-biased	-0.381176	0.0194842	1	13.4083	6.73009e-06	false	false	true	bayes_factor_only
2709333	TGCAGGATCTTCATACAGTGCTACAAATCAGGGCTATTATGTTGTTTCACAGTTTATTTGATAGGGATGGAAACAATATACATAGATACATCAA	male	5	17	0.294118	female	0	25	0	male-biased	0.294118	0.0162307	1	12.6308	0.00488232	false	false	true	bayes_factor_only
2711386	TGCAGGTTGTTAGTCATTTACAATAATCCCCGTACAAAGAGGTGTCATGTGACATCTTACAAAGCAGCTGCTGTTAAAACTAAAAACTAAAATA	male	9	17	0.529412	female	2	25	0.08	male-biased	0.449412	0.00380341	1	53.9283	0.284389	false	false	true	bayes_factor_only
2821881	TGCAGGAGGAGGCAGATGTTGGTTTTGAGCGCTTCCCCTCCATCAGTCTGCCGGACCTGGTCAGCACTTGCAGTTCCCTGTCCTGCCACCCCCA	male	0	17	0	female	9	25	0.36	female-biased	-0.36	0.0160476	1	20.0534	7.47793e-07	false	false	true	bayes_factor_only
2841602	TGCAGGCATTTGGGGTGCCCCTAGTGTGTCTGTATATGTTAGTTAGTGTGTGTGTGTGTGTGTGTGTGTGTGTGTGTGTGTGTGTGTGTGTGTG	male	3	17	0.176471	female	17	25	0.68	female-biased	-0.503529	0.00382288	1	64.1866	0.0422891	false	false	true	bayes_factor_only
2869524	TGCAGGCACCAGGATCTCACACACACTACCACTCTCACAAGACACAGCACCTAAATACACCCGCAGACTAACAAGACACAGGTGAGGGGAGGAG	male	0	17	0	female	9	25	0.36	female-biased	-0.36	0.0160476	1	20.0534	7.47793e-07	false	false	true	bayes_factor_only
2888553	TGCAGGCAGAGTGTACTCTCTCACCTGTTTGGTCCCCCCAGCAGAGTGAGGGCCATCTGACTGGAACACACCCCGATGGTTTCCAGCCGGCGCT	male	6	17	0.352941	female	19	25	0.76	female-biased	-0.407059	0.0204592	1	10.6755	0.00488232	false	false	true	bayes_factor_only
2919828	TGCAGGAACACGCTGCTAATGCCCAACGCCCGGCGGGACACTCTGGTACTCAGACCAGGGGGGGCGGAGACACTGACGGGGGTCCCATAGACTC	male	4	17	0.235294	female	17	25	0.68	female-biased	-0.444706	0.0119067	1	19.2123	0.00488232	false	false	true	bayes_factor_only
2926392	TGCAGGTTTCTGGGCGTGTGTTCCAGATATTTGGAAATATCCCAAACCAAATTCTCACTTTCCTCGACCCCTAGTCTTCCCGTGGAATTATAGT	male	0	17	0	female	8	25	0.32	female-biased	-0.32	0.0283784	1	10.0267	8.30881e-08	false	false	true	bayes_factor_only
2953726	TGCAGGCCTTGAGATTTGGGTCACCCAGCAGTAAATGAGATAAAGGTCCTTTTGAGCTTATCAATAAAATGTATTCATTCCTAGTAAGCTGACT	male	9	17	0.529412	female	24	25	0.96	female-biased	-0.430588	0.00312604	1	67.4104	0.284389	false	false	true	bayes_factor_only
2961311	TGCAGGATGTGCATCATTAACTCCAAGAAATAATGTAACTGTATTATCTTTGAGGAAAACCCCCTTTGGCTTAATCAATAATAGTTTTAGCAAT	male	6	17	0.352941	female	23	25	0.92	female-biased	-0.567059	0.000368175	1	631.51	0.96987	false	true	true	posterior_only
2977012	TGCAGGGGGAGTCGTCCCCCGTCAGCCTGGTGAATCCGGCCGACCCCTCCCTGAACTTCCTGTCGGTTCAGTCTCCTGACGCTCTGCACGCCGC	male	8	17	0.470588	female	23	25	0.92	female-biased	-0.449412	0.00380341	1	53.9283	0.284389	false	false	true	bayes_factor_only
3021325	TGCAGGGCATGGAATAAGTTTAAAAAGTGAGATTAGAGACTAAATTAATCAGTTGTGGGTCCCCTGGAAGTCAGTCTAAAAAGACAAATGAAGT	male	6	17	0.352941	female	19	25	0.76	female-biased	-0.407059	0.0204592	1	10.6755	0.00488232	false	false	true	bayes_factor_only
3023600	TGCAGGGACCCAACGGCATGGCCACCGGCTTCTCCCAGAGCCCCTATGACCTCCCCCGCAGCAGCCACATCCCCAGCCACTATGACATACTTCC	male	5	17	0.294118	female	22	25	0.88	female-biased	-0.585882	0.00036869	1	637.001	0.96987	false	true	true	posterior_only
3054476	TGCAGGGTGCCCTGTTCTCCATGTTCTCTTCCCTTCTGTTGAAAAATAACCACTATCCAGTGACTCGGCCTACGAAGCAGATGACAGTTTAGAG	male	10	17	0.588235	female	24	25	0.96	female-biased	-0.371765	0.00901836	1	22.3049	0.0422891	false	false	true	bayes_factor_only
3061547	TGCAGGACTGCAAGAAGGCAGCGGAATGGGTGGTGGCACACAAACATTTGTGCACCAGGGTGCATTTGCCCGATGCAGTGAGCATAGGGGAAGC	male	11	17	0.647059	female	6	25	0.24	male-biased	0.407059	0.0204592	1	10.6755	0.00488232	false	false	true	bayes_factor_only
3083088	TGCAGGACTTTCCATTGTAAACACTACGTGTAGAACTGATTACACTCATCGTCTTTTCACCCAGATTTGGCTGCCGGCAGTGAAAGCAAAGGGT	male	10	17	0.588235	female	25	25	1	female-biased	-0.411765	0.00198201	1	127.457	0.284389	false	false	true	bayes_factor_only
3193301	TGCAGGGACTTCCAGTAAATTCGCTCCACTCCACTTCCTAAAGGAATGACAAAACCAGGAAGCGGTGACTGACAGGAAGTGGATCTTTCTGTGG	male	5	17	0.294118	female	0	25	0	male-biased	0.294118	0.0162307	1	12.6308	0.00488232	false	false	true	bayes_factor_only
3213324	TGCAGGAAACAGCCGACTCATTCTCCTCTCTCCCCCCACCATCAGAAAGTAAAGGGGAATTGCCTCATTTATTCGTTTATGGGTTATTAGATTG	male	5	17	0.294118	female	0	25	0	male-biased	0.294118	0.0162307	1	12.6308	0.00488232	false	false	true	bayes_factor_only
3279859	TGCAGGCGCTAATCTCAGGACACCTCCACTCTCAGTACATGCCACTTTCCGAACAGGAAATGCACGCAAATACAATATTTTATATTATTAAGGT	male	17	17	1	female	17	25	0.68	male-biased	0.32	0.0283784	1	10.0267	8.30881e-08	false	false	true	bayes_factor_only
3300241	TGCAGGAAACACATTTCATTTCATTAAATTACATCATGTTATCAATGTAAATACAAACTTTGGATTTCCTCCAGTCTCTGTGACTTTTTCTCTC	male	4	17	0.235294	female	18	25	0.72	female-biased	-0.484706	0.00556231	1	41.2628	0.0422891	false	false	true	bayes_factor_only
3324670	TGCAGGTAGTTATAACTATTACAAAATTGGAAGTGTTTGTGGGAAATGTGTTATCTATTTAATTCTTGCACATCCAGTAGATGTAAAGCAAAAA	male	4	17	0.235294	female	17	25	0.68	female-biased	-0.444706	0.0119067	1	19.2123	0.00488232	false	false	true	bayes_factor_only
3327894	TGCAGGTTTCTGGTATACTTTGTTCCAGACATTTGGAGCATAACAACAGAACGCTGCTTCCCCATGTTTAGTTCTGACTCTGGGGACAGAAAGC	male	14	17	0.823529	female	6	25	0.24	male-biased	0.583529	0.000669035	1	391.996	0.781501	false	false	true	bayes_factor_only
3441958	TGCAGGAACATTAGCTTTCAATGAGCCACACCATTGTAAGTGCTATTGCATTGGCTTCAAATAAGTCAAACCTTCTTAAGTGCTACATAGAAAT	male	10	17	0.588235	female	4	25	0.16	male-biased	0.428235	0.010579	1	19.7418	0.0422891	false	false	true	bayes_factor_only
3447065	TGCAGGAAACAGCGTCTGAGGGCTTCCTAATATTCAATAAACTATGAATGTTTTATATCCATGTAACGGGAAGAAACTCAGCTAACTGACCCAC	male	11	17	0.647059	female	25	25	1	female-biased	-0.352941	0.0057932	1	38.9451	0.0422891	false	false	true	bayes_factor_only
3497593	TGCAGGCTCCTGAGGCCACATGGGATGAGTGGTTCGGTGTCAGAGTCGGTTCCCCTCGGTCAGGTCTTCACGGTTGGGGCCAGAGGGAAGCCGC	male	2	17	0.117647	female	13	25	0.52	female-biased	-0.402353	0.0191234	1	12.8189	6.05676e-05	false	false	true	bayes_factor_only
3544325	TGCAGGATATTACTGCTTAACTGTGTGTGTGTGTGTGTGTGTGTGTGTGTGTGTGTGTGTGTGTGTGTGTGTGTGTGTGTGTGTGTGTGTGTGT	male	2	17	0.117647	female	13	25	0.52	female-biased	-0.402353	0.0191234	1	12.8189	6.05676e-05	false	false	true	bayes_factor_only
3560003	TGCAGGCCTTCTGGGCGTGACGAGTGTCTATACACGTGCACCTGGTACAGAGAACAGCCACAACGTTAGGTCACAATGTTAGGTCACAACGTTA	male	9	17	0.529412	female	3	25	0.12	male-biased	0.409412	0.0112462	1	18.1715	0.0422891	false	false	true	bayes_factor_only
3575339	TGCAGGTCCATACTCAGACAGGGCGAAGCTGGTGTGCTATCGCCCGGGAGAGCAATCATCGCTCCCGGCGTTGCAGCCTGAGCCGATGACATGA	male	4	17	0.235294	female	18	25	0.72	female-biased	-0.484706	0.00556231	1	41.2628	0.0422891	false	false	true	bayes_factor_only
3577145	TGCAGGAGACGCTGGGGTACGAGGAGGCGCTGCAGAGCTCCAGGCTGTGGCTGAGCAGCGTGACGGAGCGCCTGCACCTCCTCAACTCCACCAC	male	10	17	0.588235	female	24	25	0.96	female-biased	-0.371765	0.00901836	1	22.3049	0.0422891	false	false	true	bayes_factor_only
3584092	TGCAGGCCTTGAGCGGCCCACAGCCTCCATGGACCGGGTTCTGAAGATCTTCCATTATTTTGAAACAAACAGCGAACCGTGCACCTGGGCTAGT	male	3	17	0.176471	female	16	25	0.64	female-biased	-0.463529	0.00812852	1	29.5488	0.00488232	false	false	true	bayes_factor_only
3593925	TGCAGGCAAACAGCACCGTGTGCAAACCATCAAGCAATGTTATCAATGAACATGTTATGCAATATTCCTAATGAGTTTGAGCTAAAAAAAATAT	male	5	17	0.294118	female	18	25	0.72	female-biased	-0.425882	0.0161249	1	13.8003	0.00488232	false	false	true	bayes_factor_only
3605453	TGCAGGCAGACCCCTCTCGGTAATCCTGGTCCAGGGACGAGGTCTGTGATCTCATCTAGTGGGGAAAGCCCTACTGGGGGCCAATATGGCCAAG	male	0	17	0	female	8	25	0.32	female-biased	-0.32	0.0283784	1	10.0267	8.30881e-08	false	false	true	bayes_factor_only
3666684	TGCAGGGGCAATATTATATTAGATATCCTACCTACCTAAGTGAAGAAGACTTTTAAAACGTGTTGGTTCTGGAGGTTTTTCACCGGTTTTAGTT	male	9	17	0.529412	female	3	25	0.12	male-biased	0.409412	0.0112462	1	18.1715	0.0422891	false	false	true	bayes_factor_only
3676006	TGCAGGCGCTCAGTGGGGACTGTGAACAGCAGATTCTCCCTCAGCGAGACGTCGAGCACAAACCCGGGGAAGATCAGGGGGGATGGCACCCCCG	male	0	17	0	female	8	25	0.32	female-biased	-0.32	0.0283784	1	10.0267	8.30881e-08	false	false	true	bayes_factor_only
3678031	TGCAGGAACAGAGAATGGTGATGGATGGAGCTGGGGAGAGAGAAGAATAAAGAAAACAGGTCAACTTTATTATCGGATATTAAAAATTCAATTT	male	9	17	0.529412	female	24	25	0.96	female-biased	-0.430588	0.00312604	1	67.4104	0.284389	false	false	true	bayes_factor_only
3686712	TGCAGGGTCTTTCTGCCTAAAAAATCACTGAAAAATATAAAACCAGGGTACTGTCGACGATTGGGTGTTGACTTCATTGTCCAAGTGAGGGGTG	male	5	17	0.294118	female	18	25	0.72	female-biased	-0.425882	0.0161249	1	13.8003	0.00488232	false	false	true	bayes_factor_only
3695843	TGCAGGCCTGCGATGGACGGAGAGATTTATTCTCCCCACTGGCCTTTCTGTCACTGACTCACTCTTTGCGCACGAAGTCCGAGCGTAGGGAACT	male	0	17	0	female	9	25	0.36	female-biased	-0.36	0.0160476	1	20.0534	7.47793e-07	false	false	true	bayes_factor_only
3750355	TGCAGGCTGAGTGTGATGGCAGTGCAGACGTGTTAGAGTTCAGAGGTGCATGTGGGTCTCAGAGTGTGTGTGTGTGTGTGTGTGTGTGTGTGTG	male	2	17	0.117647	female	13	25	0.52	female-biased	-0.402353	0.0191234	1	12.8189	6.05676e-05	false	false	true	bayes_factor_only
3773563	TGCAGGAGGCTTCGAATCCAGAGCTACCGGATCCTTTCTGTGCCAACACAGAGTGGAGATTTAGCCACACTGGGGGGAGTTCAACTCCTCCAGA	male	2	17	0.117647	female	13	25	0.52	female-biased	-0.402353	0.0191234	1	12.8189	6.05676e-05	false	false	true	bayes_factor_only
3862419	TGCAGGAGAGTAGTGTTTAAACAGTGGTCTCAAACTGCTTCATCGCGTAATATAATATTTTATAACACGGTAAATGATTTAATGGCATGGAGCT	male	5	17	0.294118	female	0	25	0	male-biased	0.294118	0.0162307	1	12.6308	0.00488232	false	false	true	bayes_factor_only
3886800	TGCAGGACGTGGACGCTTCGGAGATCAAAGTGCAAGTGTGTGTGTACGCCTTTGACCTCCTCTATCTCAACGGAGAGGTAAGACCCTGATGAGG	male	2	17	0.117647	female	13	25	0.52	female-biased	-0.402353	0.0191234	1	12.8189	6.05676e-05	false	false	true	bayes_factor_only
3906484	TGCAGGCTGAAGGTCAAACATAATCTGGAGGTAAATGTGACAGACTGATAAGCAGCTGTGGAACAACATACACTTTAACATTACCTCATGGAGC	male	1	17	0.0588235	female	12	25	0.48	female-biased	-0.421176	0.0105247	1	26.5219	6.05676e-05	false	false	true	bayes_factor_only
3926962	TGCAGGTTTCTGGGAGTTTGTTCCAGATATTTGGAGCATAATAACTGAACGCTGCTTTGACATGTTTAGTTCTGACTCTGGAGACAGAAAGCTG	male	5	17	0.294118	female	18	25	0.72	female-biased	-0.425882	0.0161249	1	13.8003	0.00488232	false	false	true	bayes_factor_only
3942532	TGCAGGTTTCTGGGAGTTTGTTCCAGATGTTTGGAGCATAATAACTGAATGCTGCTTTACCATGTTTAGTTCTGACTCTGGGGACAGAAAGCTG	male	0	17	0	female	9	25	0.36	female-biased	-0.36	0.0160476	1	20.0534	7.47793e-07	false	false	true	bayes_factor_only
3997183	TGCAGGCAGCGTACAGAGAGCAGGCCAACCAGTGCACCACCTCCCCCTGCGCACACACACACACATTCAAACAAGCGTTATGCAAGATATAAAC	male	2	17	0.117647	female	15	25	0.6	female-biased	-0.482353	0.0050195	1	52.6338	0.00488232	false	false	true	bayes_factor_only
4079458	TGCAGGGTGGAGAATACGGCACAGACGAGGAAGAGGACGAGGATGAGGAGGTGAGCCCGCCGTATCCCAGCGCCATCGAGGTGTTCGACCTGGC	male	4	17	0.235294	female	19	25	0.76	female-biased	-0.524706	0.00238414	1	97.3904	0.284389	false	false	true	bayes_factor_only
4091308	TGCAGGTCAGAGGAAGATATATGATCTGCATGTATAGTTTTTTTTTATATATAGCATTATAATCTGTGCCTAAGAATGCTGCATCTTTCTTTTC	male	7	17	0.411765	female	1	25	0.04	male-biased	0.371765	0.00901836	1	22.3049	0.0422891	false	false	true	bayes_factor_only
4103330	TGCAGGTGAAATCCATCCTGATTCCCTAACTAATGACCAGGACGACTTCAGTGAGGATAAACTGTCTAACCTCGGTAAAACAGCTGTTGAATGT	male	2	17	0.117647	female	14	25	0.56	female-biased	-0.442353	0.0100545	1	25.2372	0.000544844	false	false	true	bayes_factor_only
4110812	TGCAGGGATTGCCAATGGCAAATATGGCTCGTGTGTGTGTGTGTGTGTGTGTGTGTGTGTGTGTGTGTGTGTGTGTGTGTGTGTGTGTGTGTGT	male	0	17	0	female	8	25	0.32	female-biased	-0.32	0.0283784	1	10.0267	8.30881e-08	false	false	true	bayes_factor_only
4112497	TGCAGGAGAGCACAGGTAAGAGAGTGCAGAATGTTAAAGGTGTCAAAAGTCACTTTTTGATGTCTTTTCTACATAAAGATGTGTCCCCGGTGTG	male	5	17	0.294118	female	0	25	0	male-biased	0.294118	0.0162307	1	12.6308	0.00488232	false	false	true	bayes_factor_only
4115228	TGCAGGTGCTGCTCTTCTGCATCACCTCGGCCCGATGGTACCCGGACAGTTTGCAGAAGCCGTCGTTGCTGTAGACGATCGGCCAGTCCACGAT	male	12	17	0.705882	female	25	25	1	female-biased	-0.294118	0.0162307	1	12.6308	0.00488232	false	false	true	bayes_factor_only
4116061	TGCAGGGGAAAGTTTTGAATAAGGTGTGGCAACATGTCTAATGCATTCAGCACTTTAGTCGCCCTTCTTTTTGAGTTTATCTACAACTAATACA	male	0	17	0	female	8	25	0.32	female-biased	-0.32	0.0283784	1	10.0267	8.30881e-08	false	false	true	bayes_factor_only
4139079	TGCAGGAACCGTTAACTCTTTGACATGGAGAGATTATACTGAGTAGCAATATCTGCAATCAAGCTCTGCATTACTTTAAAGGTCCCCTATCATA	male	16	17	0.941176	female	13	25	0.52	male-biased	0.421176	0.0105247	1	26.5219	6.05676e-05	false	false	true	bayes_factor_only
4147412	TGCAGGAGAGGGGAGGTGCTTTGAGATCAGCTGCGAGGCTGCAGCGGGGATATGAGGGGAACAAAAAGAGATCTCCGTCCTCCGTGTTTTATTC	male	12	17	0.705882	female	7	25	0.28	male-biased	0.425882	0.0161249	1	13.8003	0.00488232	false	false	true	bayes_factor_only
4175863	TGCAGGTCATCTACATTAAAGGACAAGGGAAAGTAAACAGAGTGGGGCTTCCTGTTTCCAAGAGGCATATCTGTGAGAGCAGATACACCTCAGT	male	1	17	0.0588235	female	11	25	0.44	female-biased	-0.381176	0.0194842	1	13.4083	6.73009e-06	false	false	true	bayes_factor_only
4179787	TGCAGGTGCAGCTTCAGCCCTCTGCTGGGCAAACACTCAACTGCATGTCTTCATCCGCTGTCTGGCAACAGCCAGTAAACTGTGGGTCAACTGA	male	6	17	0.352941	female	19	25	0.76	female-biased	-0.407059	0.0204592	1	10.6755	0.00488232	false	false	true	bayes_factor_only
4191281	TGCAGGAAAAACATGAAGAGGCTTTAGACATGACAGGTGTGTCATTAATCACAAGATTCTCCAGGCAATGATAGTGGATCTACCTGCACCCGAT	male	2	17	0.117647	female	13	25	0.52	female-biased	-0.402353	0.0191234	1	12.8189	6.05676e-05	false	false	true	bayes_factor_only
4235376	TGCAGGTCCGCTTCAACTCTTACTACTTTTAAATCCAGGCTGAAGACTTTTCTTTTTGCTGTTGCTTTTAATTGAACTATTCATATCTTAAACT	male	1	17	0.0588235	female	11	25	0.44	female-biased	-0.381176	0.0194842	1	13.4083	6.73009e-06	false	false	true	bayes_factor_only
4238423	TGCAGGCGCTCATTGGTTAGCCTGGATTAGCTCATTGGTTAGCCTGGGTTAGCTCATTGGTTAGCCTCGGTTAGCTCATTGGTTAGCCTCGGTT	male	7	17	0.411765	female	1	25	0.04	male-biased	0.371765	0.00901836	1	22.3049	0.0422891	false	false	true	bayes_factor_only
4255129	TGCAGGACTTCAGCCCTCCACCTCATAACACAGATAGAATACTGTCTTCAAAATCACTTCTTAAAGTTATTTTCTAATTTCCTGATGCTGGATC	male	11	17	0.647059	female	25	25	1	female-biased	-0.352941	0.0057932	1	38.9451	0.0422891	false	false	true	bayes_factor_only
4258517	TGCAGGGGGGAAAAGAAAGGCATGAGGTTGAGATTTTCTATAAATATACCATTTGTACCAAGTTGACGTGTTCATGCCCCCCCATCTGTCCACC	male	3	17	0.176471	female	17	25	0.68	female-biased	-0.503529	0.00382288	1	64.1866	0.0422891	false	false	true	bayes_factor_only
4296599	TGCAGGGATTCCTCTCTTTGAATCTTTCCCCGCATCTCTCTTTGTGTCTTCAGGGGAGAATGCAAGGGAAAATGAAAGTGAGTGAAATATGGAT	male	13	17	0.764706	female	7	25	0.28	male-biased	0.484706	0.00556231	1	41.2628	0.0422891	false	false	true	bayes_factor_only
4309378	TGCAGGCAGATGTGCAGGGGAGGTGCCAAGCTGCACTTACGGTCCAAGACCTAACCCTCCACACACTGATCAGGGAGGCCTCTGAGGGATTTCA	male	12	17	0.705882	female	25	25	1	female-biased	-0.294118	0.0162307	1	12.6308	0.00488232	false	false	true	bayes_factor_only
4313118	TGCAGGATATTAGCTATACAGGTTATGGGGTTCACAGCGTCACACCCACACCTACTTAAGCCACTAGCCATAAATAATAACTATTATAGCGTTC	male	5	17	0.294118	female	0	25	0	male-biased	0.294118	0.0162307	1	12.6308	0.00488232	false	false	true	bayes_factor_only
4313837	TGCAGGTTTCTGGGAGTTTGTTCCAGATATTTGGAGCATAATAACTGAACACTGCTTTACCATGTTTAGTTCTGACTGGGGACAGAAAGCTGAC	male	11	17	0.647059	female	6	25	0.24	male-biased	0.407059	0.0204592	1	10.6755	0.00488232	false	false	true	bayes_factor_only
4320888	TGCAGGAGTCAGAGGCAGCAGCATGGACTACATGTCCCAGACACCCCTGCGGTCCCTCCCCCCGCATACCTCTGCTGTGCTCGTTCTGTGGTGA	male	5	17	0.294118	female	18	25	0.72	female-biased	-0.425882	0.0161249	1	13.8003	0.00488232	false	false	true	bayes_factor_only
4369433	TGCAGGACCATTTAAGGATTTCTGATTCTTATTACGAAATGTTTTATTTGACATTAATAAACTATAACAATGACAATATATTTAATAAAGTACA	male	9	17	0.529412	female	3	25	0.12	male-biased	0.409412	0.0112462	1	18.1715	0.0422891	false	false	true	bayes_factor_only
4376370	TGCAGGCGCTGCAGCTCAGCGACCCCCCCCCCCGCATCAAGCGCTCCTTCTCATTGGACATCAAGGCGTACGGAGAGCAGGGGGGAGGGGCTGC	male	2	17	0.117647	female	15	25	0.6	female-biased	-0.482353	0.0050195	1	52.6338	0.00488232	false	false	true	bayes_factor_only
4393410	TGCAGGACTTTGACAGTAGTGTTTTTAGAATGCATTAGTTTCACACCCGATTTCAACCAAAACACATTTCTGATCTTTTGTCAAATCTATTCTC	male	6	17	0.352941	female	0	25	0	male-biased	0.352941	0.0057932	1	38.9451	0.0422891	false	false	true	bayes_factor_only
4397448	TGCAGGAAATTGGATTTGAATTAATAAAATAATAGCTAAAAGAATTAAAAGAAATGTCCACATTTTACTGCAATAAATAACATTTATATATCTA	male	0	17	0	female	8	25	0.32	female-biased	-0.32	0.0283784	1	10.0267	8.30881e-08	false	false	true	bayes_factor_only
4409729	TGCAGGCAGGACTGCTGGGTTGTTGGTTCTTCTGCGTTGATGAAGGTCAGATGGACATGAAGAGCAGCCAGAAACTCCTGAACGCTCAGATGGA	male	0	17	0	female	8	25	0.32	female-biased	-0.32	0.0283784	1	10.0267	8.30881e-08	false	false	true	bayes_factor_only
4457921	TGCAGGTCAGCCTTTACCCTGTATGAAGGAAGATCAACACATGAGGATAAACCATGCAAAAAAAAAAGACTAAATAAAACTTTATTTCGCTACA	male	0	17	0	female	8	25	0.32	female-biased	-0.32	0.0283784	1	10.0267	8.30881e-08	false	false	true	bayes_factor_only
4503810	TGCAGGGGGGAAATTGGTAGCCCGCGTGCATGTTCTAAAAATAGCACAAGTCACCATGGAGCTCCGTCTAAAAAAATTATTGAATACATTTTTA	male	10	17	0.588235	female	24	25	0.96	female-biased	-0.371765	0.00901836	1	22.3049	0.0422891	false	false	true	bayes_factor_only
4513935	TGCAGGGATGAACACAATCCAACAATTTAGGATAAAGTTTAAAATAAGTGTTTGTTCTTTGAGTCAGCTTCAGAGTCCTGACTGATCTCATGCT	male	16	17	0.941176	female	14	25	0.56	male-biased	0.381176	0.0194842	1	13.4083	6.73009e-06	false	false	true	bayes_factor_only
4526442	TGCAGGAAGGAGCAGGGAATCATCACCTACGACTAAATACCCCAACAACTGTGTATGGATAAATACATATTATATCAATTCAATAGAGATTGTA	male	5	17	0.294118	female	18	25	0.72	female-biased	-0.425882	0.0161249	1	13.8003	0.00488232	false	false	true	bayes_factor_only
4550627	TGCAGGACCCCGAGGTCCAGCACTGTGGGGTCGTCTCTGATGTCAGAGAAGCCTTCATCTTCCTCCATGACGTCCTCATGTTCTTCAATCAGCT	male	0	17	0	female	9	25	0.36	female-biased	-0.36	0.0160476	1	20.0534	7.47793e-07	false	false	true	bayes_factor_only
4562838	TGCAGGGAAGGAAAACAACTCATAACTGACACACCCTTAAAGGAGTTCTGAAAGTCCGGTTTTTTGAAGCCATTTAACAACTTAAAGGGGACAT	male	8	17	0.470588	female	1	25	0.04	male-biased	0.430588	0.00312604	1	67.4104	0.284389	false	false	true	bayes_factor_only
4696498	TGCAGGATGTGTAGGAGATAAACGTTAATTCTACAAGACTTTAACTACATTATCTGAAAATGTATCTGGGACTTCCCCTGTTAATTGCAAGGAC	male	6	17	0.352941	female	21	25	0.84	female-biased	-0.487059	0.00366708	1	57.9092	0.284389	false	false	true	bayes_factor_only
4731733	TGCAGGGATATTTGTTTTATTATCACATGGCTCCAATTAACCAGAAATGTACCTTGTTGCATTTATTAGCATATCTCCCCTTGATGTACCTCTC	male	16	17	0.941176	female	14	25	0.56	male-biased	0.381176	0.0194842	1	13.4083	6.73009e-06	false	false	true	bayes_factor_only
4743653	TGCAGGAAAAGACAACACATTCTCTGTCTCCTGCATGGCTTGTTGCATGTTACCAGAGAAATACAGAATGGATAACAAATCTTACTTTATGATC	male	5	17	0.294118	female	18	25	0.72	female-biased	-0.425882	0.0161249	1	13.8003	0.00488232	false	false	true	bayes_factor_only
4768622	TGCAGGAGACTTTTTCCAGTTTGATGAGCGATTGGCTGTCGGCCATGTTCACTCTGCTCAGCCAGGACGCCCCTGTACAGACAGATTTATGTAT	male	0	17	0	female	12	25	0.48	female-biased	-0.48	0.00242935	1	195.378	0.000544844	false	false	true	bayes_factor_only
4803195	TGCAGGTCTATGCTCAGACAGGGCGAAGCTGGTGTGCCATCGCCCGGGAGAGCAGCCATCGCTCCCGGCTTTGCAGCCTGAGCTGATGACACGA	male	9	17	0.529412	female	23	25	0.92	female-biased	-0.390588	0.0108299	1	18.5379	0.0422891	false	false	true	bayes_factor_only
4932652	TGCAGGTTTCTGGGAGTTTGTTCCAGATATTTGGAGCATAATAACTGAACGCTGCTTTACCATGTTTAGTTCTCATTCTAGGGACAGAAAGCTG	male	7	17	0.411765	female	24	25	0.96	female-biased	-0.548235	0.00030736	1	808.925	0.96987	false	true	true	posterior_only
4940834	TGCAGGAAATGAAATGAATTATAGTGAGAGAGACAGAAGCAGCATCTGCCTAATTGATGCAGCGGCACACCTGCTTTTTATTAGCTGCCGATCC	male	8	17	0.470588	female	1	25	0.04	male-biased	0.430588	0.00312604	1	67.4104	0.284389	false	false	true	bayes_factor_only
4950758	TGCAGGGTCTATATTCTAACAGCTACTGGAGGGTCTTGGAATCAGGGTTCATATGAAAATAGGCTTTCAAGTCAGAAATATATTTAGACTGAAA	male	3	17	0.176471	female	15	25	0.6	female-biased	-0.423529	0.0161797	1	14.6205	0.000544844	false	false	true	bayes_factor_only
4978988	TGCAGGGTTTGGCGAGGCAGGCTTTTGTAATCTTTGAGCATTGGTGTATTAGCGTATGAAAAGACCTCAACTGCCAGACACTACGACAGTACTC	male	0	17	0	female	8	25	0.32	female-biased	-0.32	0.0283784	1	10.0267	8.30881e-08	false	false	true	bayes_factor_only
4979501	TGCAGGAATTGCAAAATTGAATGCTGTGAACCCGGCTATCTTCAAAGAAATCCGGGAAACACTGAAGAAGGGGGAAACCCTTCTCTGTTTCTCT	male	11	17	0.647059	female	25	25	1	female-biased	-0.352941	0.0057932	1	38.9451	0.0422891	false	false	true	bayes_factor_only
5000735	TGCAGGGGGCAGCAGTGAGACGGGGTCTCCGGGCCGCTCTTCCTCGTCTCAGAGACGTTCCTGGCAGGACCTGATTGAGACACCGTTAACTGAG	male	10	17	0.588235	female	3	25	0.12	male-biased	0.468235	0.0039528	1	52.4178	0.284389	false	false	true	bayes_factor_only
5017834	TGCAGGTGTGGTTCGCACCGGGCTGTCCCGTCACGTCAGTCTGTGGCAGAAGGTGTTCATCGAGCCCATCGCCCGGCTGCAGTCACTGGACCCG	male	6	17	0.352941	female	0	25	0	male-biased	0.352941	0.0057932	1	38.9451	0.0422891	false	false	true	bayes_factor_only
5041334	TGCAGGATGAGCGAGGGCTTCAGAGGCTTCTATAATACAAGGCTCCATGTTTCTTGGAGCAGTTTGATGTCTTCCTAACCTCTCCTTTCACGGG	male	2	17	0.117647	female	13	25	0.52	female-biased	-0.402353	0.0191234	1	12.8189	6.05676e-05	false	false	true	bayes_factor_only
5082224	TGCAGGACAGATGATGCCGTGATGAAGTGGTGTTTTGGTTCATGGCCAGGCGGCTTCAGACTGACAGCCAGTTTGGCGTTTTGTATCGCTGGGG	male	2	17	0.117647	female	13	25	0.52	female-biased	-0.402353	0.0191234	1	12.8189	6.05676e-05	false	false	true	bayes_factor_only
5126297	TGCAGGTCCGCTGCAACTCTGACTACTTTTAAATCCAGGCTGAAGACTTTTCTTTTTGCCGCTGCTTTTAATTGAACTACCGTATTCACATCTT	male	0	17	0	female	8	25	0.32	female-biased	-0.32	0.0283784	1	10.0267	8.30881e-08	false	false	true	bayes_factor_only
5168172	TGCAGGATGTGTAGGAGATACACATTAATTCTACAAGACTTTAACTACATTATCTGAAAATGTATCTGGGACTTCTCCTGTTAATTGCAAGGAC	male	9	17	0.529412	female	23	25	0.92	female-biased	-0.390588	0.0108299	1	18.5379	0.0422891	false	false	true	bayes_factor_only
5212324	TGCAGGATTTTGGTCTGAACTCAAATACCACTGTATATAATATAACAGATATTTATCTTTCATACTTGAAAGTGAGTGAAAGTCTAACCTAAAT	male	0	17	0	female	8	25	0.32	female-biased	-0.32	0.0283784	1	10.0267	8.30881e-08	false	false	true	bayes_factor_only
5234896	TGCAGGTTAGGGTCTAACCCTCCACTGAATATCATATATACTGTGTATTAGTATAATAATAAGTACATTCCACCATTGATTATCTCACCTTTGT	male	5	17	0.294118	female	0	25	0	male-biased	0.294118	0.0162307	1	12.6308	0.00488232	false	false	true	bayes_factor_only
5273797	TGCAGGCAACATGTTTCACTCGGTATTGAATCTGCTCTGTGGATCACTTTACATTTCACTCAGGCTTTTACCCAAAGTGACCTAAAATAAGTGC	male	6	17	0.352941	female	19	25	0.76	female-biased	-0.407059	0.0204592	1	10.6755	0.00488232	false	false	true	bayes_factor_only
5297582	TGCAGGCATTGTGGTAATCAGCCTGAAGATGCCAGGGCAGGGCAGAGAGGCAACCACACACACACACGCACGCACGCACACACACACGCACACG	male	1	17	0.0588235	female	11	25	0.44	female-biased	-0.381176	0.0194842	1	13.4083	6.73009e-06	false	false	true	bayes_factor_only
5300342	TGCAGGAAGAATAACATGTAAGTATGTGATGTGAGAATGCATTATGGCAGAGCTAACCTTATACACAGGGCTGTGCATTGGCAACAATCAGGCA	male	1	17	0.0588235	female	11	25	0.44	female-biased	-0.381176	0.0194842	1	13.4083	6.73009e-06	false	false	true	bayes_factor_only
5318149	TGCAGGTCACTTTAAGATATTTGCACATTGTGAAATCAAGTGATAAAATAATCGAAATTCTATTTTCTTTAGCTTTAATGCAAGATGAAATGTG	male	2	17	0.117647	female	16	25	0.64	female-biased	-0.522353	0.00236519	1	116.964	0.0422891	false	false	true	bayes_factor_only
5347594	TGCAGGCTGAGGTGCTCCACCTGCAGCCTGAGGTGCAGCCTGAGGTGCTCCACCTGCAGCCTGAGGTGCTCCACCTGCAGCCTGAGGTGCTCCA	male	12	17	0.705882	female	7	25	0.28	male-biased	0.425882	0.0161249	1	13.8003	0.00488232	false	false	true	bayes_factor_only
5430421	TGCAGGCGTTTTTTTCAAGCATGCTTCTTAGGTAACGTCAAGCTGTCTTTGGCTCTGCTCCGCTGTAACAATGATAATGTCCTCTCTGTGGGAC	male	8	17	0.470588	female	2	25	0.08	male-biased	0.390588	0.0108299	1	18.5379	0.0422891	false	false	true	bayes_factor_only
5493266	TGCAGGTCTCCTCAGCTCGGGCGGAGGTTTCGGTCCAGCGATTGTTGAGGCGTTGCAGGCGGCGCGCTGCAGCGTCTCCGACCGTCAGGCTGCA	male	12	17	0.705882	female	25	25	1	female-biased	-0.294118	0.0162307	1	12.6308	0.00488232	false	false	true	bayes_factor_only
5517727	TGCAGGAAAACATGAGAACACTGACGCAAGACTCCATTTCCCAGAAGCCTCAGCACCATGCAATGCAAGGTTAAACTGAATAAAAAGCAGCAGG	male	3	17	0.176471	female	15	25	0.6	female-biased	-0.423529	0.0161797	1	14.6205	0.000544844	false	false	true	bayes_factor_only
5541494	TGCAGGTTTCTGGGAGTTTGTTCCAGATGTTTGGAGCATAATGACTGAACGCTGCTTCTCCATGTTTAGTTCTGACTCTGGGGACAGAAAGCTG	male	8	17	0.470588	female	2	25	0.08	male-biased	0.390588	0.0108299	1	18.5379	0.0422891	false	false	true	bayes_factor_only
5584678	TGCAGGCGGTGTGTCCAGGTACACACACACACACACACACACACACACACACACACACACACACACACACACACACACACACACACACACACAC	male	0	17	0	female	9	25	0.36	female-biased	-0.36	0.0160476	1	20.0534	7.47793e-07	false	false	true	bayes_factor_only
5599901	TGCAGGCACAAAAGCATCCTTTGTATCATTTCTATAATAGTGAGGTTGATGACCAATCGGATACTAAATCAGAAACATGCACAAGGAACACTAC	male	5	17	0.294118	female	0	25	0	male-biased	0.294118	0.0162307	1	12.6308	0.00488232	false	false	true	bayes_factor_only
5635818	TGCAGGTCTCCTTTCTGAGGGAGGAGAGTGAGCACACCTCTCCTGCAACTCAGAGGCAACCTCCCGTTACTAAGACTGTCTCTGAGCACACACA	male	5	17	0.294118	female	19	25	0.76	female-biased	-0.465882	0.00742666	1	29.6541	0.0422891	false	false	true	bayes_factor_only
5647043	TGCAGGAGAGGGGAGCGTGCTTTGAGATCAGCTGCTAGGCTGCAGCGGGGAGAAGAGGGGGAGAAAAAGAGATCTCCGTTCTCCGTGTTTTATT	male	5	17	0.294118	female	0	25	0	male-biased	0.294118	0.0162307	1	12.6308	0.00488232	false	false	true	bayes_factor_only
5659623	TGCAGGAGCCTCTGCTGTTCAAGGAGAACTCGGCTCTGCTCTCCGGTGGAGGGCGTTTCTTCAACGCCTCCTTCCAGGTTTCGGCCTGCACGTC	male	8	17	0.470588	female	2	25	0.08	male-biased	0.390588	0.0108299	1	18.5379	0.0422891	false	false	true	bayes_factor_only
5672748	TGCAGGAGGGGTTGTGGTTGAAGCCAGAAATGGGTAAAGCTTTGCATGCGATGAGGGCCCGTTCCGCGCGAAAGCCGGAAGCGCCGCATTTGAC	male	5	17	0.294118	female	0	25	0	male-biased	0.294118	0.0162307	1	12.6308	0.00488232	false	false	true	bayes_factor_only
5697413	TGCAGGAGTTCACAGGCATTTATATGAAGCTCTCTGTCTGCTGAAGGATAATTCAGACGTTTGTAGTTTGTTGTTTTGGGACTTTTTGTGGGTG	male	15	17	0.882353	female	12	25	0.48	male-biased	0.402353	0.0191234	1	12.8189	6.05676e-05	false	false	true	bayes_factor_only
5706047	TGCAGGAATGTCACATTACATATGTTTCCACTTTAACAGCCACATGTGTGTGTCTCTTTCATCCGTACACTGCAGGTTTGCCACCGGCGCTCTA	male	9	17	0.529412	female	23	25	0.92	female-biased	-0.390588	0.0108299	1	18.5379	0.0422891	false	false	true	bayes_factor_only
5730983	TGCAGGCCATGGTGAGTACATCCCTAGTCCTAACATGAACCAGGTGCTGTAGAGCTTTTATTTCAGGGGAGTTGACCATCCATCCGTCTGCTCC	male	6	17	0.352941	female	0	25	0	male-biased	0.352941	0.0057932	1	38.9451	0.0422891	false	false	true	bayes_factor_only
5739265	TGCAGGGCTGACAGGTAATAATTCACTCCCCAGGGGTCCCACACCCTTCACTGGACACAGCCGGGAGAGTACTGAGGGGGAGGGTGCAGGGACA	male	4	17	0.235294	female	17	25	0.68	female-biased	-0.444706	0.0119067	1	19.2123	0.00488232	false	false	true	bayes_factor_only
5768914	TGCAGGATCTTAGATGTTGGCTACGGAAAAGAGAGAGAAAATATTCCACTGATACATATTAAGCATTAAGTAGCTTTTTGGCAGACTAACCCAA	male	9	17	0.529412	female	3	25	0.12	male-biased	0.409412	0.0112462	1	18.1715	0.0422891	false	false	true	bayes_factor_only
5784187	TGCAGGTGTACAGCGAGGCCGCCGCCCTGCAGCCCCACAGCACCGACATCTGGCTGGCTTTGGTAAACACACACACACACACACACACACACAC	male	9	17	0.529412	female	23	25	0.92	female-biased	-0.390588	0.0108299	1	18.5379	0.0422891	false	false	true	bayes_factor_only
5799943	TGCAGGAAGTCCTTCAGTACCTTTGTGTCTCTGTTGGTGTAACAGTGCAACATGTAGACTGCAGCCAGGAACTCCTGGACGCTCAGATGAACAA	male	5	17	0.294118	female	18	25	0.72	female-biased	-0.425882	0.0161249	1	13.8003	0.00488232	false	false	true	bayes_factor_only
5814178	TGCAGGTTTCTGGGAGTTTGTTCCAGATGTTTGGAGCATAATAACTGAGCGCTGCTTCTCCATGTTTAGTTCTGACTCTGGGGACAGAAAGCTG	male	0	17	0	female	8	25	0.32	female-biased	-0.32	0.0283784	1	10.0267	8.30881e-08	false	false	true	bayes_factor_only
5842401	TGCAGGTTCTCAGTCTCCTCTGTTTTGTTATCTTCGTTCAACTTCTCTCTGTTAGTGCAGTCGGTGCGTGTTTGTGGGTCGCAGCTCATCTTCA	male	4	17	0.235294	female	18	25	0.72	female-biased	-0.484706	0.00556231	1	41.2628	0.0422891	false	false	true	bayes_factor_only
5855092	TGCAGGAAAACACAGATATTTAGTTTTCTTTGCATTTTTATTGTTCAACGCCTCGTCTCTTTCTGCTGCTGCAACAAGTACTTCTGATCTTATC	male	3	17	0.176471	female	17	25	0.68	female-biased	-0.503529	0.00382288	1	64.1866	0.0422891	false	false	true	bayes_factor_only
5895529	TGCAGGAGAGAAGAGCAGTCGTTGAATATTCAAGTCAAAACGCTGGGTTCAGTTGAACTGACACAGAAGAGATCACATTGAGCTAGACTTAGGC	male	9	17	0.529412	female	3	25	0.12	male-biased	0.409412	0.0112462	1	18.1715	0.0422891	false	false	true	bayes_factor_only
5909693	TGCAGGTAGGCTATATGTGTATCTGCTATATTTACATATTGTTTAAATAAATCAATATGCATCCATAGTATAACGGTATCAGACAAACGTCCAA	male	9	17	0.529412	female	23	25	0.92	female-biased	-0.390588	0.0108299	1	18.5379	0.0422891	false	false	true	bayes_factor_only
5937849	TGCAGGATTCTGGCTGTTCTGAGTGTGTGTCTCTATCACACTTATTGTAAGAGGCTTTGGATACAAGCATCAGCTAAAGGAAATGTAAAGTGAT	male	0	17	0	female	9	25	0.36	female-biased	-0.36	0.0160476	1	20.0534	7.47793e-07	false	false	true	bayes_factor_only
5959508	TGCAGGAGGAGTACGAGAGGATTAGGGAAACGTTTGAATAGAGATCTGGGCAAAATTCTGTGGAAAAAATGAACAAAAAGAGTGAAAATATGTC	male	1	17	0.0588235	female	11	25	0.44	female-biased	-0.381176	0.0194842	1	13.4083	6.73009e-06	false	false	true	bayes_factor_only
6058028	TGCAGGATTAACCTCATCGTTACCTGTCGTGTGTTTACAGTTTAGTGTTTCAGACTCGTTAATGAAGCTCTTCTTTCAGCAAGACACCAAATGG	male	2	17	0.117647	female	13	25	0.52	female-biased	-0.402353	0.0191234	1	12.8189	6.05676e-05	false	false	true	bayes_factor_only
6067243	TGCAGGCGACATTCTCCAGAACCCTTGAAAGGCTTTAGCATAGTTGAAAGCACCCGCGATGATTGAAATGCAAAATGGAAGTGGTTGCTAGTCC	male	5	17	0.294118	female	19	25	0.76	female-biased	-0.465882	0.00742666	1	29.6541	0.0422891	false	false	true	bayes_factor_only
6071487	TGCAGGTCTGTGAGCAGCCCGGGGCTTTCCTGTGCACTCAGGCTGAGCAAGGTATCATGGGACGCAGGTGCTCCAAGGGGGCCCTTTCCTGGAG	male	3	17	0.176471	female	15	25	0.6	female-biased	-0.423529	0.0161797	1	14.6205	0.000544844	false	false	true	bayes_factor_only
6191739	TGCAGGAGTCTATTTACTTAGTTTTTTTGCTCAGTTTAGTTTTCAAATAATGACACAGAACTTTTTTAAATATTGAAACCATTTAAATGGCTAG	male	9	17	0.529412	female	23	25	0.92	female-biased	-0.390588	0.0108299	1	18.5379	0.0422891	false	false	true	bayes_factor_only
6227721	TGCAGGGTTTCTCTGAGGTGAGTTGCGCTTTCTATCGGCCTCTCTGAGGATTGATGTGTGTTTGAGACAAATTACACTCAGATAAAAAAACAAT	male	4	17	0.235294	female	17	25	0.68	female-biased	-0.444706	0.0119067	1	19.2123	0.00488232	false	false	true	bayes_factor_only
6235847	TGCAGGAACCACTGAGGATCGAGCACAGAGGAGGCTCTCTGTGGGAGCTATAATCCTCTCTCTCTCTCTCTCTCTATATCTCTCTCTCTCTCTC	male	7	17	0.411765	female	1	25	0.04	male-biased	0.371765	0.00901836	1	22.3049	0.0422891	false	false	true	bayes_factor_only
6377337	TGCAGGCCTGCACTCTCAGGACAGTTCCGGTGTAGGCTGCAATCTCAGGACACCTGCACTGTCAGTACAGGAAGTGACGATTCTGATGAACACG	male	3	17	0.176471	female	17	25	0.68	female-biased	-0.503529	0.00382288	1	64.1866	0.0422891	false	false	true	bayes_factor_only
6379650	TGCAGGCGCTAATCTCAGGACACCTCCACTCTCAGTACATTGCCACTTTCCGAACCATTGATGAATATAAATATAATATATGTGTGTACACAAA	male	17	17	1	female	16	25	0.64	male-biased	0.36	0.0160476	1	20.0534	7.47793e-07	false	false	true	bayes_factor_only
6398330	TGCAGGAAACACTTGGTTTGTGTGTTTTTAACATTGCTCTTCGTTCTACTGGATGAAGTCAGGCTGGTAAGAACCTTAAAGCTTCCATTTGTAA	male	0	17	0	female	8	25	0.32	female-biased	-0.32	0.0283784	1	10.0267	8.30881e-08	false	false	true	bayes_factor_only
6406196	TGCAGGGCGGAATCACTGTTTGAAATGTGGGTGTTTTTCTCATATTTCTCTCTGATGAAACAAAATTGAAATAAATACTCAATTAACGGCAAGC	male	12	17	0.705882	female	25	25	1	female-biased	-0.294118	0.0162307	1	12.6308	0.00488232	false	false	true	bayes_factor_only
6411530	TGCAGGCTGCGAGCGCCACCAGATAGCTAATGTCATGATCACTTTTTGGGGATCCATTGTAACATGAATTCATTGTGAAGAAGCAAACTGCCTT	male	2	17	0.117647	female	13	25	0.52	female-biased	-0.402353	0.0191234	1	12.8189	6.05676e-05	false	false	true	bayes_factor_only
6443799	TGCAGGAGGAGGGGGAGGAGGAGGAAGTGGGGTTTGGAGGGGAGAGCTGCCGCAGGGAGAGGCGTCCTCCAGAGACTTTACGGCGCAAAGACAG	male	9	17	0.529412	female	23	25	0.92	female-biased	-0.390588	0.0108299	1	18.5379	0.0422891	false	false	true	bayes_factor_only
6470151	TGCAGGGTTTCCTCGTTAATATCAGTGTCTCGAAAACACATGTTGGCGACTGAAAGACATCCAGTGTTTGGTATTTTCCTGAAGCATCCTTCAC	male	3	17	0.176471	female	15	25	0.6	female-biased	-0.423529	0.0161797	1	14.6205	0.000544844	false	false	true	bayes_factor_only
6487956	TGCAGGAGTGAGGCGGAAACTCTGGAGCGGGTCAGAGTGAAACTCTGGAGCGGGTCAGAGTGAGACCTGGAGCGGATCAGAGTGAGACCTGGAG	male	6	17	0.352941	female	21	25	0.84	female-biased	-0.487059	0.00366708	1	57.9092	0.284389	false	false	true	bayes_factor_only
6493376	TGCAGGCGAGCAACACAGATGTTAGTCTCCAGGAAGGATTTACAAATATAACACCTTCCAATCTCCTCTTCCCTCTCTTCCTTAAAGCCATATG	male	5	17	0.294118	female	18	25	0.72	female-biased	-0.425882	0.0161249	1	13.8003	0.00488232	false	false	true	bayes_factor_only
6493859	TGCAGGTCGCTGGCATTAGCTCCAGAGTCATGGCGTTCCTTGCGAGAGTTTGCAGCTTTCTCCATTCTCCAACGTGCTGCGTCGTAGGCCACCT	male	6	17	0.352941	female	0	25	0	male-biased	0.352941	0.0057932	1	38.9451	0.0422891	false	false	true	bayes_factor_only
6515145	TGCAGGAATCAATATACAAACCAATTGCATATTAGTCTGGTTTGCGTCCTCGATTTGTTCCCATTGATTTCTGGGATTCACTCCTGCTGAACTT	male	1	17	0.0588235	female	11	25	0.44	female-biased	-0.381176	0.0194842	1	13.4083	6.73009e-06	false	false	true	bayes_factor_only
6572254	TGCAGGCTGTTGGAGGCGGACGATCGTTTATTCTGCCAGTTTTCCTCCTTCACTCTTTCTAACACCAGCTATTTTTTTATTTTGACCCATCGTG	male	0	17	0	female	8	25	0.32	female-biased	-0.32	0.0283784	1	10.0267	8.30881e-08	false	false	true	bayes_factor_only
6597530	TGCAGGAGGCCAAAGGTGATCAGAGTCTTACACTTGGAGTTAATAGAAAGGCAATCCGGGTATATCCGATACTAGGCTTTTTTACTGGAAAAGC	male	5	17	0.294118	female	0	25	0	male-biased	0.294118	0.0162307	1	12.6308	0.00488232	false	false	true	bayes_factor_only
6618555	TGCAGGTAGAGACCTTTTATATATGTTGCATCGTTGGAGGAGCTCAGAAGAGTTTCATTGCACTGCAGCTGCTGAGCATCGGATGATCACACAT	male	5	17	0.294118	female	0	25	0	male-biased	0.294118	0.0162307	1	12.6308	0.00488232	false	false	true	bayes_factor_only
6645198	TGCAGGGAAACATCTAGTAACGGTGAAAGGTTGGAACCATGTCAGCAGTTCTGAAGAGTCTTCAAGCATTCTGGTCACTGAGCATATTCAAGGT	male	8	17	0.470588	female	1	25	0.04	male-biased	0.430588	0.00312604	1	67.4104	0.284389	false	false	true	bayes_factor_only
6655755	TGCAGGCCAACCTGACGGGCTTCAAGAAGCTGGAGATCCTGAACTTCCGGCGGGGCAGCGTGGTGGTGAACAGCAAGGTGAAGTTCTCCCGCTC	male	0	17	0	female	13	25	0.52	female-biased	-0.52	0.00120331	1	450.872	0.00488232	false	false	true	bayes_factor_only
6693115	TGCAGGGAAAAGAGATGCTTAAGTATCTAGGAGCCAAACACCGAGACAAATAGTTTATTTCAAACGTGACGTTCTGGTATGAGGTTTCTAAAAG	male	0	17	0	female	8	25	0.32	female-biased	-0.32	0.0283784	1	10.0267	8.30881e-08	false	false	true	bayes_factor_only
6735556	TGCAGGAACTCGAGGGTCCTCCTCACTCAAGAACAAACAAACTCATCTATAGTTGGCCCATTACACTGAGGAGCCCCACCAGAGAATGCTATCA	male	2	17	0.117647	female	13	25	0.52	female-biased	-0.402353	0.0191234	1	12.8189	6.05676e-05	false	false	true	bayes_factor_only
6781203	TGCAGGCGCTAATCTCAGGACACCTCCACTCTCAGTACATTGCCACTTTTCGAACAGGAAATGCATGCAAATACAAGCCTTTATATTATTAAGG	male	0	17	0	female	9	25	0.36	female-biased	-0.36	0.0160476	1	20.0534	7.47793e-07	false	false	true	bayes_factor_only
6786124	TGCAGGTCACCCTGAAAAAGAGATGTTTTGATCTCAAGGGGCTTTCACCTGGTTAAATAAAGGCTACAGACAAACAAGCAATAAAGTACTTCTT	male	0	17	0	female	9	25	0.36	female-biased	-0.36	0.0160476	1	20.0534	7.47793e-07	false	false	true	bayes_factor_only
6817138	TGCAGGGAAATGCATACTGTTTCAGAAATTGTCAAATGGAACTGTGGTTCAAATATACAGTCTGTACGCATCTGAAATATGTAATTGGACACTT	male	5	17	0.294118	female	0	25	0	male-biased	0.294118	0.0162307	1	12.6308	0.00488232	false	false	true	bayes_factor_only
6957447	TGCAGGTCCGCTGCAACTCTGACTACTTTTAAATCCAGGCTGAAGATTTTTCTTTGAACTATTCACATCTCACACTGCACTGTAACTTTTATTC	male	7	17	0.411765	female	22	25	0.88	female-biased	-0.468235	0.0039528	1	52.4178	0.284389	false	false	true	bayes_factor_only
6994614	TGCAGGGGGTGCAGCAGGATGTACGCAGCGTCTTCTGTCAGGTTCAGCCCACTGACGTAGAAACCGTCTGTGAGAAAAGCAGACAGGTGAATAT	male	8	17	0.470588	female	22	25	0.88	female-biased	-0.409412	0.0112462	1	18.1715	0.0422891	false	false	true	bayes_factor_only
7006040	TGCAGGTCCATTAGATTTGCATAACTTACAAAGAGACTGTTTATTAAAACCATCCATTTTTATTTGGCACAAGACCAAGTGATTGCTAAACAGT	male	8	17	0.470588	female	2	25	0.08	male-biased	0.390588	0.0108299	1	18.5379	0.0422891	false	false	true	bayes_factor_only
7040178	TGCAGGTGAAACATAATTCACTCTTTAAAACGTATTCAAGATTAGATTTAAAGGCTGAAGTAAGCATATCTTATATCAAATTCATAAACTTGAT	male	6	17	0.352941	female	19	25	0.76	female-biased	-0.407059	0.0204592	1	10.6755	0.00488232	false	false	true	bayes_factor_only
7047382	TGCAGGTTATGATATGTTTACGGGCAGGACACTAATTTATTGATTTGTCATTATCCATAAAAAGCTTGGGATTTAGTTCACTGCTTATTGACAT	male	0	17	0	female	9	25	0.36	female-biased	-0.36	0.0160476	1	20.0534	7.47793e-07	false	false	true	bayes_factor_only
7069211	TGCAGGGAACATGCCCTGAGATTGTTGGCTTGGTTAAACTTTCAGATCCCCAACGGGGCTAAGTGGTACCCAAGGTAACTGGGTTGATGGGTTG	male	0	17	0	female	8	25	0.32	female-biased	-0.32	0.0283784	1	10.0267	8.30881e-08	false	false	true	bayes_factor_only
7104939	TGCAGGCGTGTAGACGGCAGTAGTTGTGTCATTTGCGGTTTTATACAAGTGCCTTCCTTCGTGTATTTGTATACATCCTGAAGGCAAAGCAGCA	male	3	17	0.176471	female	17	25	0.68	female-biased	-0.503529	0.00382288	1	64.1866	0.0422891	false	false	true	bayes_factor_only
7177867	TGCAGGCCTTATTTTGATCATAGTAGGGACTACATGTTGAGAGACTCTACCATAATATTAAGTGTTGTAACAATGCATATTTCAATAAGTGTAT	male	9	17	0.529412	female	1	25	0.04	male-biased	0.489412	0.00101541	1	222.454	0.781501	false	false	true	bayes_factor_only
7220668	TGCAGGCGCTAATCTCAGGACCGAAGGACCGTAGCATAGTCGTCTTTATTTGTACAGTATTATTATTCAAAGATAAATAAGGAAGTGTGTGTTA	male	8	17	0.470588	female	22	25	0.88	female-biased	-0.409412	0.0112462	1	18.1715	0.0422891	false	false	true	bayes_factor_only
7237432	TGCAGGCCAGCGATGACCTCTCCAGGGTCATAAACTCCTACAAGAAGATTGTTGAGGGGCTGCCAGTCAACGGAGACAGCGAGGATCCCCGACC	male	2	17	0.117647	female	14	25	0.56	female-biased	-0.442353	0.0100545	1	25.2372	0.000544844	false	false	true	bayes_factor_only
7240110	TGCAGGACACCTCTGTCTGTTGCAGACTTTATGAGTCTTCTTCAACACAGAGCACACAGGGCTATATAACATGTCAATTAAAAACGATGTCAGT	male	3	17	0.176471	female	19	25	0.76	female-biased	-0.583529	0.000669035	1	391.996	0.781501	false	false	true	bayes_factor_only
7267512	TGCAGGGACGTGGACTGAGGGGTGTGTGTTCCTCTGCTGAGTTTTAAATGAGTTTGCTGCCTGACGGGTTACATCAGGCCAGCGGCAAACCTGG	male	0	17	0	female	11	25	0.44	female-biased	-0.44	0.00471439	1	88.2352	6.05676e-05	false	false	true	bayes_factor_only
7278559	TGCAGGGATGTGTGTGTGTGTGTGTGTGTGTGTGTGTGTGTGTGTGTGTGTGTGTGTGTGTGTGTGTGTGTGTGTGTGTGTGTGTGTGTGTGTG	male	0	17	0	female	10	25	0.4	female-biased	-0.4	0.00883346	1	41.3602	6.73009e-06	false	false	true	bayes_factor_only
7282214	TGCAGGAGGGGCTGGACAAAGTAAGAGGAACATATCTCGGTTTCTTCAAGGCTTTTATTGTCCTTCGTAGATAGCTACGGTGTAGTTATGTCTA	male	16	17	0.941176	female	11	25	0.44	male-biased	0.501176	0.00270699	1	119.643	0.00488232	false	false	true	bayes_factor_only
7290488	TGCAGGCTAAACCATATCAAAGAATACATTTATTAACTACGTTATCTCATTTAGCTGTAGCTTTTATAAACAACAACAAGACGTATTGACCAGT	male	5	17	0.294118	female	0	25	0	male-biased	0.294118	0.0162307	1	12.6308	0.00488232	false	false	true	bayes_factor_only
7293639	TGCAGGAGGTGAACTGAACGTGGGGACGAACAGATTCCATTCTTTCTTCAGCGACTCAGGACATCAGAAGAACAAATCAGTGTTTGGGAGGTTT	male	5	17	0.294118	female	18	25	0.72	female-biased	-0.425882	0.0161249	1	13.8003	0.00488232	false	false	true	bayes_factor_only
7308367	TGCAGGAGGACAACTCATACAGTGTGAGATTAGTCATCATTTCCTGACAACAATTATCTTTAATTAAATCTTATTCAACTTAAACTCTCAGATA	male	15	17	0.882353	female	11	25	0.44	male-biased	0.442353	0.0100545	1	25.2372	0.000544844	false	false	true	bayes_factor_only
7313768	TGCAGGCCTTGAGACTTGGGTCACCCAGCAGTAAACGAGATAAACGTCCTTTTGAGCTTATCAATAAAATGTATTGATTTCTAGTAAGTTGACT	male	3	17	0.176471	female	15	25	0.6	female-biased	-0.423529	0.0161797	1	14.6205	0.000544844	false	false	true	bayes_factor_only
7343424	TGCAGGGAGATGGGGAGCACTGTCGATGCTGACCTGCCAGATGTGAGTGTTTCACCCAGGATTCAATATGAAACATGATATATTACCTCATCAT	male	13	17	0.764706	female	7	25	0.28	male-biased	0.484706	0.00556231	1	41.2628	0.0422891	false	false	true	bayes_factor_only
7385819	TGCAGGCAGAGGCAGCAGCGTCCTGCCGTGGACTTGGCCTGACACCACCAGCGCATGAGTCCTGAGGGAGTGGACGTGGCGCCTGAGGTCCTGA	male	8	17	0.470588	female	2	25	0.08	male-biased	0.390588	0.0108299	1	18.5379	0.0422891	false	false	true	bayes_factor_only
7425772	TGCAGGCTCTGAGGCCGGTCCCTCCTCCTAAAGTCTGAAGTGCCAGGTCCTGCAGAGACTCACCTTCAACACAAAGAGAAGCTGAGGTGTTTTG	male	11	17	0.647059	female	6	25	0.24	male-biased	0.407059	0.0204592	1	10.6755	0.00488232	false	false	true	bayes_factor_only
7436615	TGCAGGTCTATTCATCTCTTCAAACCTGTTTTTTCTGCACAGTTGCAGATAGAGATAAAAATACACTAATATTATTAGTACTATACTGTTTGTT	male	7	17	0.411765	female	21	25	0.84	female-biased	-0.428235	0.010579	1	19.7418	0.0422891	false	false	true	bayes_factor_only
7449259	TGCAGGTTCATTGGCGACTTTTTCGTTCAGAAACCTCCAACATCCTTTCAGGAGGCAGTAGAGGTGTACCAAAGTCTGCCAAAGCTGCTGGGAG	male	5	17	0.294118	female	20	25	0.8	female-biased	-0.505882	0.00309374	1	71.1699	0.284389	false	false	true	bayes_factor_only
7566948	TGCAGGTCCTGCTTGCTAATCAATGCTCATATTTTTTTACACAATTACAAATAAAGTCAATGTATTGTTTGACATGAAGTTGTGCTTCATTCTG	male	1	17	0.0588235	female	11	25	0.44	female-biased	-0.381176	0.0194842	1	13.4083	6.73009e-06	false	false	true	bayes_factor_only
7585023	TGCAGGAAACAGCAAAGGATTGTGGGAAATGACTGGCCTTTGGGCTGTCATTTGTGTCTGCAGGGTGTTTAATGTGCAGGTTAATCCTGACTTT	male	16	17	0.941176	female	14	25	0.56	male-biased	0.381176	0.0194842	1	13.4083	6.73009e-06	false	false	true	bayes_factor_only
7633136	TGCAGGATTTGTTGAAGAGTTGTGGAAAGCAGAGTTCATCCATTTGGGAAGTCTCCATCTTTAGAGAGATGTGTTGAGAAGCTGCTGTGTTCTG	male	5	17	0.294118	female	0	25	0	male-biased	0.294118	0.0162307	1	12.6308	0.00488232	false	false	true	bayes_factor_only
7649553	TGCAGGACCATCATCCTGAGCTCCTTCACCAGCCGCTCCCCCCCCGGGACCCGGTACAGGCCCCTCTGTAGAACCACACTGTTAGCATGTAGCT	male	6	17	0.352941	female	20	25	0.8	female-biased	-0.447059	0.00919346	1	23.2671	0.0422891	false	false	true	bayes_factor_only
7698851	TGCAGGATGTGATCTACATGGGTCTGTCCTCCAAATGATTCATGACACACATCTGGGGGAGCCCCCTGAAGACTGTTCATCAAGTACAAGTGTA	male	2	17	0.117647	female	13	25	0.52	female-biased	-0.402353	0.0191234	1	12.8189	6.05676e-05	false	false	true	bayes_factor_only
7728443	TGCAGGTCCAAACTTAGACAGGGCGAAGCTGGTGTGCTATCGCCCGGGAGAGCAACCATCGCTCTCGGCTTTGCAGCCTGAGCCGATGACATGA	male	0	17	0	female	8	25	0.32	female-biased	-0.32	0.0283784	1	10.0267	8.30881e-08	false	false	true	bayes_factor_only
7805493	TGCAGGACTCAAATGCCTCATCGCCGGGGGTAACGCTGCCTTTCAGAAAAACAGAGGACTACTGTTTGTACGATGCGATCACGCTGCAAACGGT	male	6	17	0.352941	female	19	25	0.76	female-biased	-0.407059	0.0204592	1	10.6755	0.00488232	false	false	true	bayes_factor_only
7863795	TGCAGGGCCTCCTCACGCTGAAGGGCTTCATCAGAGACCTCAGCCAACAGCAGGAAGTGTGGAGTCACCTACCAGAGGCTGAAATCCTCAGGTA	male	3	17	0.176471	female	15	25	0.6	female-biased	-0.423529	0.0161797	1	14.6205	0.000544844	false	false	true	bayes_factor_only
7881181	TGCAGGTTTAGCCCAGGCTTCACAGCGTCACCGCTCCACCTTCACCCGTGCACCAGACAGCCTCCCTGCAGACACCTACACCAGCAACAGGGAC	male	15	17	0.882353	female	12	25	0.48	male-biased	0.402353	0.0191234	1	12.8189	6.05676e-05	false	false	true	bayes_factor_only
7892480	TGCAGGACAGAGGCTGCAGGGGAACAGATCAAGAGAATGGGCCACAAAGACCATGAGTAACAATACTTTGTTTGTATAGGCTGGCAACACCATA	male	1	17	0.0588235	female	12	25	0.48	female-biased	-0.421176	0.0105247	1	26.5219	6.05676e-05	false	false	true	bayes_factor_only
7893678	TGCAGGAGGTGACAGCAGCATTCAAGACTCAAAGGTCTTATTCTCATATGCACATAAGCTTCAGTGTAGAAATGGCAATGAGATTCTTCTGACC	male	0	17	0	female	8	25	0.32	female-biased	-0.32	0.0283784	1	10.0267	8.30881e-08	false	false	true	bayes_factor_only
7914977	TGCAGGCGTCACAGTGGAGCGTTGCTCCATGCACGTCTCTCATCAACAAACTCCAACTTTGATTGCTCGTCTGCTGTGGTATATACTCAGAAAT	male	4	17	0.235294	female	17	25	0.68	female-biased	-0.444706	0.0119067	1	19.2123	0.00488232	false	false	true	bayes_factor_only
7927789	TGCAGGCTCCATGGACCTGTCATCTCCGGACAGCGCAAAATGCGTATATGAAGTGCTACGCAATAAATCATACCCAGACATCTGATTGGCTATA	male	3	17	0.176471	female	16	25	0.64	female-biased	-0.463529	0.00812852	1	29.5488	0.00488232	false	false	true	bayes_factor_only
7954707	TGCAGGGGTGTTAGGTCCGCAGTATATTTGCTCCAAAGGCCTGGTCTCTATTGAGAAAAATAACGCCAACAGCAAAAGCACTTCAGACAGTGTT	male	5	17	0.294118	female	0	25	0	male-biased	0.294118	0.0162307	1	12.6308	0.00488232	false	false	true	bayes_factor_only
7970239	TGCAGGTTCCAAGAGCTGCAACAATGACTCAGGCCACCAAAAGAAAAACACAATCTCCCTCTGTGATACTGAGCGGCCCCCCTTTTCCAACCAA	male	0	17	0	female	10	25	0.4	female-biased	-0.4	0.00883346	1	41.3602	6.73009e-06	false	false	true	bayes_factor_only
7979009	TGCAGGTGAGACAGCCTCAAACCCTCCGTAGCTCCTTCAGTGCTGTGTGTGATATAATATTCATAATGTATAGATAATGTTCTTCAGTGCTGTG	male	11	17	0.647059	female	5	25	0.2	male-biased	0.447059	0.00919346	1	23.2671	0.0422891	false	false	true	bayes_factor_only
7986734	TGCAGGAGGCAGCGCAGGGCCGTGGTGTCCGTGCTGCCCGGCCTTTCCAGCTCCACAGCCAGTTTGAAGCAGTCTGCAGCGTTCTGCTCCTCGC	male	12	17	0.705882	female	25	25	1	female-biased	-0.294118	0.0162307	1	12.6308	0.00488232	false	false	true	bayes_factor_only
8006337	TGCAGGTGTGCTCTGTGTCACTTTTTCAGACACACACACACACACACACACACACACACACACACACACACACACACACACACACACACACACA	male	6	17	0.352941	female	19	25	0.76	female-biased	-0.407059	0.0204592	1	10.6755	0.00488232	false	false	true	bayes_factor_only
8085826	TGCAGGAGTACGGATTCTGCATCATGGACAACCACAGGGAGCGCATTGCTAACTTCCGCATCGAGCCCCCGGGTCTGTTCCGAGGCCGTGGAGA	male	7	17	0.411765	female	21	25	0.84	female-biased	-0.428235	0.010579	1	19.7418	0.0422891	false	false	true	bayes_factor_only
8094314	TGCAGGTGAAGACTGGCATGTACTGTAATGAAAAACTGTTTTCATGTGAGTAGAAAATGTAAAGAGAATAATCACAAATGAAAATGAAGAGGGG	male	6	17	0.352941	female	20	25	0.8	female-biased	-0.447059	0.00919346	1	23.2671	0.0422891	false	false	true	bayes_factor_only
8099715	TGCAGGGTCAGGGTTCAGCGTGGAGATAAGGGAATTGAAACAGGATCCTCTCTGCCTCCCTGTCAGACTATCTGACTATACACTGCAGTGATCA	male	2	17	0.117647	female	13	25	0.52	female-biased	-0.402353	0.0191234	1	12.8189	6.05676e-05	false	false	true	bayes_factor_only
8168226	TGCAGGTAGAAGAAAGGAAACAACAGGTGGAAAAGGAAAAACAGAAAAAGGCTGTTGACGATCAAAAAGTTAGTTATTTTAGTTTTGTAAAGTA	male	12	17	0.705882	female	25	25	1	female-biased	-0.294118	0.0162307	1	12.6308	0.00488232	false	false	true	bayes_factor_only
8199131	TGCAGGAAGGACTCCACTCTGCTCCTCATGCTGCAGATCCACAGCTGCTCCTCCTCAGCCTGGAGCTCCAGCTGCTGCCCGGCGGCTTCCTGCT	male	8	17	0.470588	female	1	25	0.04	male-biased	0.430588	0.00312604	1	67.4104	0.284389	false	false	true	bayes_factor_only
8248246	TGCAGGTTTCTGGGAGTTTGTTCCAGATATTTGGAGCATAATAACTAAACGCTGCTTCACCATGTTTAGTTCTGACTCTGGGGACAGAAAGCTG	male	6	17	0.352941	female	0	25	0	male-biased	0.352941	0.0057932	1	38.9451	0.0422891	false	false	true	bayes_factor_only
8258510	TGCAGGTCCGCTGCAACTCTCGACCTTTCTTTTTGTCGTTGTTTTGAACTAAACTAGTCATATCTCACACTGGACGGTAACTTTGATTCATACA	male	0	17	0	female	11	25	0.44	female-biased	-0.44	0.00471439	1	88.2352	6.05676e-05	false	false	true	bayes_factor_only
8274024	TGCAGGAACCTCTTCTTCCTCTTCTGGGCGGCCAGCAGCAGCACCTCCTCGGGGTTACTGGTGTTCAGCTCCGTCTGCCCGATCGCTTTGATCT	male	9	17	0.529412	female	3	25	0.12	male-biased	0.409412	0.0112462	1	18.1715	0.0422891	false	false	true	bayes_factor_only
8282296	TGCAGGTAAAAGGCCCACGTGAGACAACGTTTTACTGAGACTAAAATGTCGGATTACCCTAAGGCTTAAAGATAAGATGTTTTCATGATACAAT	male	16	17	0.941176	female	13	25	0.52	male-biased	0.421176	0.0105247	1	26.5219	6.05676e-05	false	false	true	bayes_factor_only
8305260	TGCAGGGACAGGGTTAGCATGTAGCATTATCATGATAGCACATCCTTTAGCATAAAGCATTATCATGTTAGCAAACACTTTAGCATGAAGCATT	male	0	17	0	female	8	25	0.32	female-biased	-0.32	0.0283784	1	10.0267	8.30881e-08	false	false	true	bayes_factor_only
8308951	TGCAGGGTTTCAAACTATGTGTGTGTGTCCTAGTAGAAGAACAGCAATGTGTGTGGTCTTCACTGGAGGTGTTTTCTGAGCCCTTGTCTGTTCA	male	5	17	0.294118	female	0	25	0	male-biased	0.294118	0.0162307	1	12.6308	0.00488232	false	false	true	bayes_factor_only
8335378	TGCAGGGATGTTTCTGACCTTGACCAGTTGTGTTTATCAACCTCTGCCGGACATAAAGGACTGCAGGGCAAACTCTTTACTCTCACAAGTTTCC	male	5	17	0.294118	female	19	25	0.76	female-biased	-0.465882	0.00742666	1	29.6541	0.0422891	false	false	true	bayes_factor_only
8405397	TGCAGGCACCCGGTTCGGTCGAGTACGCTATGAGTTTCTTCAGTTGCTTCACTTTGTGCACTTCAACACTCTCACTCTCACTCATGCAACCCTC	male	6	17	0.352941	female	0	25	0	male-biased	0.352941	0.0057932	1	38.9451	0.0422891	false	false	true	bayes_factor_only
8433176	TGCAGGCCATTGTGATGTCACTCTCTGTGTGTCTAGTTTGTTTTTGTCAGTTTTCTATTGTTTGCTTAACGTATCTTATACCATATCCTACATG	male	5	17	0.294118	female	0	25	0	male-biased	0.294118	0.0162307	1	12.6308	0.00488232	false	false	true	bayes_factor_only
8438097	TGCAGGAAGTTCCTCTGCAGCGCCATGCCTTTTGGTCCACCTCCTATGGACGACATCTCCAACATGGCGGCGATGCTCCTCACGCTGCCCACGC	male	8	17	0.470588	female	2	25	0.08	male-biased	0.390588	0.0108299	1	18.5379	0.0422891	false	false	true	bayes_factor_only
8470035	TGCAGGAGGCAACAAAGATACACACGGTTCAAATGTGGGGCACTTTGTTCCAAATATATATGTCAAATAAATGTTACCATATTTATACACACAG	male	6	17	0.352941	female	0	25	0	male-biased	0.352941	0.0057932	1	38.9451	0.0422891	false	false	true	bayes_factor_only
8529606	TGCAGGCCGTGTGTCAGCGTGCCGCAGCCAGACTAGACATCCCATGGCCCGAAATGGCCAAGGAGACCTACAGGTCCCCTTACGAGGGGAAACA	male	7	17	0.411765	female	1	25	0.04	male-biased	0.371765	0.00901836	1	22.3049	0.0422891	false	false	true	bayes_factor_only
8537461	TGCAGGTCCGCTGCAACTCTGACTACTTTTAAATCCAGACTGAAGACTTTTCTTTTTGCCGCTGCTTTTAATTGAAATATTCACATCTTAAACT	male	7	17	0.411765	female	22	25	0.88	female-biased	-0.468235	0.0039528	1	52.4178	0.284389	false	false	true	bayes_factor_only
8545893	TGCAGGTTGGCCACCGTGGCGCCGGTCAGCACGGCTCCAGGTCTGGGGGCTGCCACTGCTGCCAGCTGGGGATTGGCCTGTGTGGTCTGTACCG	male	3	17	0.176471	female	15	25	0.6	female-biased	-0.423529	0.0161797	1	14.6205	0.000544844	false	false	true	bayes_factor_only
8549051	TGCAGGAGAGAGCCTTTCAGTCTGGAGGAACCAGGTAAAACTGCACAGCAGATTTATTGACAATAGTAAAATGTCTTCGAGAGCAGACTTTAAG	male	17	17	1	female	17	25	0.68	male-biased	0.32	0.0283784	1	10.0267	8.30881e-08	false	false	true	bayes_factor_only
8560706	TGCAGGAGGCTTGTGTCCATTCAAACCGTTCTGGGGAGAGAGAGAGAGAGAGAGGAGGGAGGGAGGAACAGAATGTGAATAGAGCTCCCTCAGA	male	11	17	0.647059	female	4	25	0.16	male-biased	0.487059	0.00366708	1	57.9092	0.284389	false	false	true	bayes_factor_only
8597008	TGCAGGTGCTAGAGGGGGAATTCACACATCACATTTAAGGTGCAGTCTGTGACTTGTGTCGTAAAAAGAATTCTGCACATAAGAAAACATTGAG	male	2	17	0.117647	female	16	25	0.64	female-biased	-0.522353	0.00236519	1	116.964	0.0422891	false	false	true	bayes_factor_only
8631707	TGCAGGTGGAGCAACCCAGAAACGGTCAGATCCAAGAGTAATCCAACCAGTTTACCTCAGGGTTTATCCTTTATGTTCTTAGTAACAGCATGTA	male	6	17	0.352941	female	0	25	0	male-biased	0.352941	0.0057932	1	38.9451	0.0422891	false	false	true	bayes_factor_only
8636178	TGCAGGTCTGCTGCAACTCTGACTACTTTTAAATCCAGGCTGAAGACTTTTCTTTTTGTCGCTGCTTTTAATTGAACTATTCACATCTTAGACT	male	5	17	0.294118	female	0	25	0	male-biased	0.294118	0.0162307	1	12.6308	0.00488232	false	false	true	bayes_factor_only
8644477	TGCAGGTGTATGGAAAATGTCCATTTGACTATACAATGAAGATAATCCAGAGTGAATCCAGATTCCAGCGTTGATTGCATTGTTATCTGCAGTC	male	9	17	0.529412	female	23	25	0.92	female-biased	-0.390588	0.0108299	1	18.5379	0.0422891	false	false	true	bayes_factor_only
8663043	TGCAGGCTCTCAGTTGCCAAAACATTTTTAACACTGAAGAAAGAGTCTGACGTACACACGCGCCCACTCACTCGGACACACACTCAGCTGAGGC	male	7	17	0.411765	female	23	25	0.92	female-biased	-0.508235	0.00123433	1	174.144	0.781501	false	false	true	bayes_factor_only
8687462	TGCAGGGTCCTTGCTGCTCTGAGTCGGTCTCATCATGGTTCATTGATTGCACTTTTAAAAAGCATCAGCTTAATGCAATTATGTTTAAGGTTGT	male	0	17	0	female	9	25	0.36	female-biased	-0.36	0.0160476	1	20.0534	7.47793e-07	false	false	true	bayes_factor_only
8746200	TGCAGGGAAATACAAAATGAAAGTTAATTTAGGGGAAACAGTAAAGGTTGCTTCTGTGTGCCGTCTAGCAACCTCTTCATTAAAAGCATAATCA	male	6	17	0.352941	female	0	25	0	male-biased	0.352941	0.0057932	1	38.9451	0.0422891	false	false	true	bayes_factor_only
8772160	TGCAGGCCTGGTACGATGAGGTGAAGGATTACTCCTTCCCCTACCCTCAGGAGTGCGACCCCTACTGCCCCTTCAGATGCTCCGGCCCTGTGTG	male	5	17	0.294118	female	0	25	0	male-biased	0.294118	0.0162307	1	12.6308	0.00488232	false	false	true	bayes_factor_only
8814901	TGCAGGAGCATGCAGAGGAAATATGCAGTTTTCTGTTTATTTATTCGAGCCTGAAATGTACATTTGTTGTCTTACTTGGTTGGAAGTGTTACCC	male	5	17	0.294118	female	19	25	0.76	female-biased	-0.465882	0.00742666	1	29.6541	0.0422891	false	false	true	bayes_factor_only
8839221	TGCAGGACACAAACAAGTCAAGACTTTAAGAAGCAATGGGTACGATTTGTCGTGGACATTAAATCAGAACATCCGTTAAACCAGCTAGAGGTTC	male	11	17	0.647059	female	6	25	0.24	male-biased	0.407059	0.0204592	1	10.6755	0.00488232	false	false	true	bayes_factor_only
8896916	TGCAGGGGGCGCTTTCCATAAAAGGATTGGCAAGATATATACTAGTGATTCGGTCCATCTGGCTTTCTGTCGTCTATCTTGGTTTAGAGAAATG	male	0	17	0	female	11	25	0.44	female-biased	-0.44	0.00471439	1	88.2352	6.05676e-05	false	false	true	bayes_factor_only
8913861	TGCAGGAGGTGACTCCATCTGGGTTCAAGATGATCAGTGACTTTATTACTGTACAAGCTCAGACATGGCAGATGCAGGCTAAGCTAGTAGCGTG	male	6	17	0.352941	female	21	25	0.84	female-biased	-0.487059	0.00366708	1	57.9092	0.284389	false	false	true	bayes_factor_only
8924021	TGCAGGCAGGTGTGTTCTGAAAAGAAAATCCCATGCAGACTTCCAGCCTTGTCCTAACTGCAGGTTTGGGAAGCTTTTCAAAACTCTCTTCTTA	male	11	17	0.647059	female	5	25	0.2	male-biased	0.447059	0.00919346	1	23.2671	0.0422891	false	false	true	bayes_factor_only
8974614	TGCAGGATTCAGGAGTGAAGCTGCTGTCTGCTGAACTGGAGAGTCCACACTGTACTCTGGAGACTCTCAGGTCAGAGTTCAGCCGACATGTTAA	male	0	17	0	female	10	25	0.4	female-biased	-0.4	0.00883346	1	41.3602	6.73009e-06	false	false	true	bayes_factor_only
8985466	TGCAGGTGTTTTGTTGCCACAGGTGGAAGCTGGTTGTATTAATTGATGTTGTTGTTGTGTGTCTGCAGCTGAAAGAGAAAGTCAGTAATAATCA	male	6	17	0.352941	female	19	25	0.76	female-biased	-0.407059	0.0204592	1	10.6755	0.00488232	false	false	true	bayes_factor_only
8992791	TGCAGGCACCCGGCTCTGATGAGTATACCCAGTGTTTATGTGACTTGTTGGTGCAAATAAACACCTTTTTCTACCCGTTAATGTGTTGCGTCTC	male	4	17	0.235294	female	17	25	0.68	female-biased	-0.444706	0.0119067	1	19.2123	0.00488232	false	false	true	bayes_factor_only
9021926	TGCAGGCGGCCCGCGCCCTCATGATCCTCACTATCGTGGTCGGCGTCTTCGGCCTCCTCCTCGCCATCGCTGGGGGAAAATGCACCAACTGCGT	male	12	17	0.705882	female	25	25	1	female-biased	-0.294118	0.0162307	1	12.6308	0.00488232	false	false	true	bayes_factor_only
9096467	TGCAGGGTATCTATGTTTAAATGCAGTAAACATAGTGCACACACATCCACGCAGCTTTAAGCACCGCTGTCTGGAATCGAGTCAAGGTGTGAAA	male	2	17	0.117647	female	13	25	0.52	female-biased	-0.402353	0.0191234	1	12.8189	6.05676e-05	false	false	true	bayes_factor_only
9136707	TGCAGGCAACCACATCTATTAATAACACCTCTAATGGAGAACTCCTCGTGGATAGGTTTCCTGTGGGATGACAGATTCACATGCTTTATTAAAA	male	6	17	0.352941	female	19	25	0.76	female-biased	-0.407059	0.0204592	1	10.6755	0.00488232	false	false	true	bayes_factor_only
9138503	TGCAGGAGGGAGAGCGCAGGGGGACTGCCGCTGCCTCAGATAGCTGTGTCATTAATATCAGGACGAGTGAGGGAGGGAGGGAGAGAGAGAGAGG	male	5	17	0.294118	female	0	25	0	male-biased	0.294118	0.0162307	1	12.6308	0.00488232	false	false	true	bayes_factor_only
9164495	TGCAGGCAGGCTCCATGGACCTGTCAGCTCCGGACTGCGCAAAATGCGTACATGAAGTGCTACGTCATTAACGCAATAAATCTACCCTCGTGGG	male	4	17	0.235294	female	20	25	0.8	female-biased	-0.564706	0.000925253	1	257.003	0.781501	false	false	true	bayes_factor_only
9212953	TGCAGGAGTGATCTGCGGTCAGCTATCTGCGGTAAGGACTCTTCAACATGTTGACTGAAGGGTCTTGGATTCCAGCATGAACCCTCTCACTCCC	male	5	17	0.294118	female	0	25	0	male-biased	0.294118	0.0162307	1	12.6308	0.00488232	false	false	true	bayes_factor_only
9221960	TGCAGGCATCCTGGACACACACACACACACACACACACACACACACACACACACACACACACACACACACACACACACACACACACACACACAC	male	0	17	0	female	11	25	0.44	female-biased	-0.44	0.00471439	1	88.2352	6.05676e-05	false	false	true	bayes_factor_only
9260292	TGCAGGTGTGAATGGGTTTGTCTATATGTGTGATTTATCACGTTTAGCAGAGCGAAGACCTTTCACCAAATGCATGCTGGGTAGAATGTGTGGG	male	15	17	0.882353	female	11	25	0.44	male-biased	0.442353	0.0100545	1	25.2372	0.000544844	false	false	true	bayes_factor_only
9272514	TGCAGGGCATACATCGCTGCCACTTGCAGCTCAATGTGATCGTGGAGGAACTTCTGCATCACGGGCTTGAAAGACAGCATCTGCTGCTTCTCTT	male	11	17	0.647059	female	5	25	0.2	male-biased	0.447059	0.00919346	1	23.2671	0.0422891	false	false	true	bayes_factor_only
9292546	TGCAGGAAGTTAACAACCACATTTCACCCAGCCCTGAAAAAAATACATGATGCGTTACTAATATGTCAAACCAGAAACAAAGCAAGCGCTCCAA	male	2	17	0.117647	female	13	25	0.52	female-biased	-0.402353	0.0191234	1	12.8189	6.05676e-05	false	false	true	bayes_factor_only
9303145	TGCAGGTGCACCTTATAAAATAACATGCATGTTCTCATCACTACGGACATATCTTCAAAAACGTAACACAATTGTCTTATCGTCTGCCACTTCA	male	0	17	0	female	8	25	0.32	female-biased	-0.32	0.0283784	1	10.0267	8.30881e-08	false	false	true	bayes_factor_only
9313586	TGCAGGTACACCCTCATCACCATGCACAGTCACACACACACACACACACACACACACACACACACACACACACACACACACACACACACACACA	male	1	17	0.0588235	female	11	25	0.44	female-biased	-0.381176	0.0194842	1	13.4083	6.73009e-06	false	false	true	bayes_factor_only
9328736	TGCAGGAAATGTTGGATATGCCAGCATTATCAATAATAAACTGCCTACACTGCAGAGCAATTTTAAAAAAGGAAGACAGGATTGAGAAACAAGT	male	1	17	0.0588235	female	13	25	0.52	female-biased	-0.461176	0.00545946	1	54.9382	0.000544844	false	false	true	bayes_factor_only
9359931	TGCAGGAACATTTTGAATAATAATACTTTTTTTCGACAGCAATCATTTAGACTGCCGCGGCCGCAGGTGTCAAGGCCGATTAATCTTACCTAGG	male	5	17	0.294118	female	18	25	0.72	female-biased	-0.425882	0.0161249	1	13.8003	0.00488232	false	false	true	bayes_factor_only
9367331	TGCAGGTGGAGTCGGGCACGTGCAGCTGGGAGAGCTTGTCCTGCAGCAGTTGAAGGCGGAGCTGAAGTCCACAAACAGGATCCTGGCGTAGGTT	male	5	17	0.294118	female	0	25	0	male-biased	0.294118	0.0162307	1	12.6308	0.00488232	false	false	true	bayes_factor_only
9369722	TGCAGGAAAGACAAACTGATGCCTTCATTAGTCTCATAGCTGAACAATGATTACACCGTAGTATTACTATGTCAGTGTCTGCTGGGTAGGGCCG	male	9	17	0.529412	female	23	25	0.92	female-biased	-0.390588	0.0108299	1	18.5379	0.0422891	false	false	true	bayes_factor_only
9382543	TGCAGGGAACTGAAGCGTTATCTATACTCTCTTCAGAGCCAGATACTTTGGGATTTACATGCAGAAAAACCTACATCACACACTACAGGAAAGG	male	1	17	0.0588235	female	12	25	0.48	female-biased	-0.421176	0.0105247	1	26.5219	6.05676e-05	false	false	true	bayes_factor_only
9383020	TGCAGGAGCAGAGCAGAGCAGTGCTGAAGCTGAACTCTGTGTGAACCCGTCTTCAGCCTCGTTTACAATGTGTCCAAATAACCCCAACAAGTCA	male	8	17	0.470588	female	2	25	0.08	male-biased	0.390588	0.0108299	1	18.5379	0.0422891	false	false	true	bayes_factor_only
9452325	TGCAGGAGGACACACACACAGAGACAGATGAGCATGAGTAGATACTGATGAGACATGCTCCTCTTGTCCAAACCGCAATATCTATCTGTTCTCA	male	8	17	0.470588	female	22	25	0.88	female-biased	-0.409412	0.0112462	1	18.1715	0.0422891	false	false	true	bayes_factor_only
9483269	TGCAGGGAGGAACGGGGGAGTCCAATGGAGGCGTTTCAAGCAGGGGGGGAGTGTGTGGGAGAGAAACTCCCTCTGGAGGAACTTTGTGATTTTA	male	11	17	0.647059	female	6	25	0.24	male-biased	0.407059	0.0204592	1	10.6755	0.00488232	false	false	true	bayes_factor_only
9508685	TGCAGGGAATACAAATGTGGAGCAATGCCAAAGAATGTTTCCTAAAGATGTAAAGTGGAAGCCATATTCAAAGGATTTCGGCGATGCTCCGTTG	male	17	17	1	female	17	25	0.68	male-biased	0.32	0.0283784	1	10.0267	8.30881e-08	false	false	true	bayes_factor_only
9548873	TGCAGGTCCGCTGCAACTCTGACTACTTTTAAATCCAGGCTGAAGACTTTTCTTTTTGTCGCTGCTTTTAATTTAAACTGAGCCGTTCTGTTCA	male	7	17	0.411765	female	1	25	0.04	male-biased	0.371765	0.00901836	1	22.3049	0.0422891	false	false	true	bayes_factor_only
9575347	TGCAGGGTGGTTTTTATAGAGCACGCTGAAATGCTTCTCAGCTTCTTGGCACTGACACCAAGTCAATTCAAGATCTTATTTATTATCTCTGCTC	male	3	17	0.176471	female	15	25	0.6	female-biased	-0.423529	0.0161797	1	14.6205	0.000544844	false	false	true	bayes_factor_only
9612756	TGCAGGCCACTGACGTCATGAGGAAGCAGGTGAGACACACACACCTGCACACACACACACCTGCACACACACACACAGAGGTGGGAAGTAGTGG	male	6	17	0.352941	female	0	25	0	male-biased	0.352941	0.0057932	1	38.9451	0.0422891	false	false	true	bayes_factor_only
9621974	TGCAGGGATGAAGTGGTTTTCAGCACCACTCTGTTAAAGATAGTGTGCATGTGACAGCTCTTTGCCTCATGAAATTATTATTTGAATAGAGAGA	male	9	17	0.529412	female	23	25	0.92	female-biased	-0.390588	0.0108299	1	18.5379	0.0422891	false	false	true	bayes_factor_only
9651445	TGCAGGCAACATCCATACAAAAGAATGTTGCATTCGCAACTTCAGCCAGCTCCTTCTGCAGGAACATTGGGTAGGCTTATATTTCACCACGGTA	male	3	17	0.176471	female	16	25	0.64	female-biased	-0.463529	0.00812852	1	29.5488	0.00488232	false	false	true	bayes_factor_only
9730462	TGCAGGATCACTGTATCACTGCAGGGGGCGCCTTGGACTCCAGAGATGTCTTCGTCCACAGTACGCAGAGACATGAGGAAGCGGTCAAGGGCGC	male	5	17	0.294118	female	0	25	0	male-biased	0.294118	0.0162307	1	12.6308	0.00488232	false	false	true	bayes_factor_only
9736905	TGCAGGAGTCAGTGGGAGGACACCCCGACACACACACATTGCAATCCCCCCCGAGTAATCTGCTGTAGCTACTGATCAATTAATGGCCCCTGCC	male	8	17	0.470588	female	22	25	0.88	female-biased	-0.409412	0.0112462	1	18.1715	0.0422891	false	false	true	bayes_factor_only
9792807	TGCAGGATTCAGGAGTGAAGCTGCTGTCTGCTGGACTGGAGAGTCCTCACTGTGCTCTGGAGACTCTCAGGTCAGATTTCTTATTTTATCTTAA	male	9	17	0.529412	female	24	25	0.96	female-biased	-0.430588	0.00312604	1	67.4104	0.284389	false	false	true	bayes_factor_only
9826268	TGCAGGATTCCTCCGAGGGGTCTATTCTGAGCGTTGAAGGCCATTTCCAACATAGCTCAATAGGGTTCCTAACAGTTAGTGTTAAAACCTGTGT	male	0	17	0	female	8	25	0.32	female-biased	-0.32	0.0283784	1	10.0267	8.30881e-08	false	false	true	bayes_factor_only
9836089	TGCAGGTCAATATTGACCAAACATGAACCCTAACCAGCGGAGCCGCAAACCAAAACAGGAAACACATTCTTGAAATCGCTTCCACTTAAGCGAA	male	10	17	0.588235	female	24	25	0.96	female-biased	-0.371765	0.00901836	1	22.3049	0.0422891	false	false	true	bayes_factor_only
9846495	TGCAGGTCTGCCCGCTGTGAGGGACCGGTGAGTGGAGCAAATCACACCTTTAGACCTAACACACTTAGCTATGGCACTGTCGTATATATTGAAT	male	0	17	0	female	9	25	0.36	female-biased	-0.36	0.0160476	1	20.0534	7.47793e-07	false	false	true	bayes_factor_only
9941388	TGCAGGGATTGGTCCGGTGTGTGGGAGAGAGAGGAGCCAGGCTTCACATTTCTCTTAACAATCCCTCTATTTGTGTTCTAGTAACAACTTTCTC	male	16	17	0.941176	female	14	25	0.56	male-biased	0.381176	0.0194842	1	13.4083	6.73009e-06	false	false	true	bayes_factor_only
9997866	TGCAGGGGGGCGTGGTCAGCTGTAGCTCACAGAATCAGCCCCCTGCAAAAACAGCGCTGGAAAGAGCAAATAGAGCAAAATGAGGCATGGCTAA	male	14	17	0.823529	female	9	25	0.36	male-biased	0.463529	0.00812852	1	29.5488	0.00488232	false	false	true	bayes_factor_only
10016406	TGCAGGGGGCTACCTGGCCCACAGCCTGGCCATCATGACGGACGCGGCCCACCTCCTCACAGACTTTGGCAGCATGATGGTGAGCCTGTTCTCC	male	10	17	0.588235	female	24	25	0.96	female-biased	-0.371765	0.00901836	1	22.3049	0.0422891	false	false	true	bayes_factor_only
10025471	TGCAGGATTTCCCCGTTAATATCAGTGTCTCGAAAACACATGTTGGCAACTGAAAGACATCCAGTGTTAGGTCTTTTCCGGAAGCATCCTACAG	male	7	17	0.411765	female	0	25	0	male-biased	0.411765	0.00198201	1	127.457	0.284389	false	false	true	bayes_factor_only
10029511	TGCAGGACCTACAAATCTTTCCTAAGAACTGTCCTAAAGAGGTGCTCACAGGTAAATGATCCTTCCCCCATGTGTGCTGGCACATTTCTACAGA	male	0	17	0	female	8	25	0.32	female-biased	-0.32	0.0283784	1	10.0267	8.30881e-08	false	false	true	bayes_factor_only
10029651	TGCAGGTGGAAGGGAGAGAAAACTCACAGAGAAAGTGTCGGTGGTGTTTCTGCTGAAAGCTGCATCTCTGGAGGATTATAAACTGGGTTTCAAC	male	8	17	0.470588	female	2	25	0.08	male-biased	0.390588	0.0108299	1	18.5379	0.0422891	false	false	true	bayes_factor_only
10055835	TGCAGGTTGATGGCGGAAGAAGGTGATGAGGGAGTTGATTGTGAGGCATTTGGACACCACAGGACCAGGCAAAGGACATGAATATAATTTGCAT	male	0	17	0	female	9	25	0.36	female-biased	-0.36	0.0160476	1	20.0534	7.47793e-07	false	false	true	bayes_factor_only
10109979	TGCAGGTTGGCTGAGGCCTGTTCCTGCAGCTTCTGCACGCTGAGGAGCTTCTTCCGGAGGTCCGTCTGAAGCACCTGGAGAACATATGACATTA	male	2	17	0.117647	female	14	25	0.56	female-biased	-0.442353	0.0100545	1	25.2372	0.000544844	false	false	true	bayes_factor_only
10122467	TGCAGGCTGAGGGAAGCCTCATGTATGTTGCCAAGGGATCCACCCGGGAGAACCACTTCAGGGTAAGACTTTGGCTTATTTGCTGCTAGGATTT	male	10	17	0.588235	female	3	25	0.12	male-biased	0.468235	0.0039528	1	52.4178	0.284389	false	false	true	bayes_factor_only
10153428	TGCAGGATCAATGGAGAGACAATCAGAGCCAAGATACAGAAGAACTGTGAGTACTGAACCCATACCCTCCATTCATCAAGATATTGTACATCTC	male	10	17	0.588235	female	25	25	1	female-biased	-0.411765	0.00198201	1	127.457	0.284389	false	false	true	bayes_factor_only
10211004	TGCAGGTCGATAAGCTCGAACTGCATTTCTGCAGGCTCTTCTTCGGGTGCACATGTGAAGGGATCTTGGAATAGGTTGAATGACTTCTCGTGGT	male	0	17	0	female	9	25	0.36	female-biased	-0.36	0.0160476	1	20.0534	7.47793e-07	false	false	true	bayes_factor_only
10214208	TGCAGGAGAACAAGGATGTGATTGTTTTCAGCAGGATCAGCGAGGTCTCACTCTGACTGTTTATTCAGAGCTCAGATCAAAACCTGTTTTTCAT	male	5	17	0.294118	female	0	25	0	male-biased	0.294118	0.0162307	1	12.6308	0.00488232	false	false	true	bayes_factor_only
10231851	TGCAGGAGTGTGTTGTGAGTGTGTGAGTGTGTGTGTGAGTGTGTGAGTGTGTCAGTGTGTGTTGTGAGTGTGTGAGTGTGTGAGTGTGTGAGTG	male	5	17	0.294118	female	0	25	0	male-biased	0.294118	0.0162307	1	12.6308	0.00488232	false	false	true	bayes_factor_only
10293875	TGCAGGAAATTTGGAGGGAGTGACTCCGTTTTCACAAGAACTGGGTATACTAATTGGAAGCATGCTTATGATAAGGCAAAGGGATTTAGCAGGC	male	9	17	0.529412	female	23	25	0.92	female-biased	-0.390588	0.0108299	1	18.5379	0.0422891	false	false	true	bayes_factor_only
10295548	TGCAGGGCTGAAGTGTGCCACAGTGATTTATGATCTGCAAAGACTTAAATGAGATCTACTGTAAAAAATATTCTCCATAGGGGGGGTGTGGTGT	male	5	17	0.294118	female	21	25	0.84	female-biased	-0.545882	0.00114549	1	195.444	0.781501	false	false	true	bayes_factor_only
10311555	TGCAGGTTCTTCTCCTTGAGACGTTGCACCTCCTCATGGTTCTCCTCCTTGAGACTCTGCACCTCTTCCTGGTTGTTCATCATGAGACGCTGCA	male	4	17	0.235294	female	17	25	0.68	female-biased	-0.444706	0.0119067	1	19.2123	0.00488232	false	false	true	bayes_factor_only
10337829	TGCAGGGTTTTATGATTAGTAATTTAGGGTAGTTGTATTGACAAAAGTGCATTAACACCTTTGATGTTTGGGCAGCTGATCTTTTTCCTAATCC	male	1	17	0.0588235	female	11	25	0.44	female-biased	-0.381176	0.0194842	1	13.4083	6.73009e-06	false	false	true	bayes_factor_only
10339866	TGCAGGAAACTAAAGTATGTAGCGCATCCCACCACTTTATTAAAAGCGCATTACTGCTAACTGTAAGCGAGTAAATGTGCTTTCCTCCTTCATC	male	0	17	0	female	8	25	0.32	female-biased	-0.32	0.0283784	1	10.0267	8.30881e-08	false	false	true	bayes_factor_only
10345226	TGCAGGTTGTCCCAGGAGTGCAAAAATCCATCCGTTAATAATAAAGATGCTTATTAGGAAGCACATATATATGTAAAAATGACATGCATACACA	male	14	17	0.823529	female	9	25	0.36	male-biased	0.463529	0.00812852	1	29.5488	0.00488232	false	false	true	bayes_factor_only
10368069	TGCAGGAATTAACAAACGTTTTGATTTGATTTCCACTGTTCTCTGCCCACTCTTGGGATGAGTTCCTGGGAGAAACTTTAAGCACTCCTCAGGA	male	12	17	0.705882	female	25	25	1	female-biased	-0.294118	0.0162307	1	12.6308	0.00488232	false	false	true	bayes_factor_only
10466766	TGCAGGACGCAAAGGCATTTTTTTTGTCCAAAAAAAGACAGACACTCCTATCAACTATCGATTATTATCTTTTACGGAGGTACCTTTTTATGCT	male	1	17	0.0588235	female	11	25	0.44	female-biased	-0.381176	0.0194842	1	13.4083	6.73009e-06	false	false	true	bayes_factor_only
10472664	TGCAGGAGGTTCAGCTACACAACGCTACTATAGCATAACTAATGCTAATGCTGTTAATACTAATGCTACTTCTGCCATGGCTAAGGAGCGTCTT	male	2	17	0.117647	female	13	25	0.52	female-biased	-0.402353	0.0191234	1	12.8189	6.05676e-05	false	false	true	bayes_factor_only
10479187	TGCAGGATTGCGGAACTGATTTATTCATCAATTACACATATTTTTTTATTTATTTTAGCGGGCATTGTTGGGTTTTCTTTTCACAACAAAAATA	male	7	17	0.411765	female	22	25	0.88	female-biased	-0.468235	0.0039528	1	52.4178	0.284389	false	false	true	bayes_factor_only
10481614	TGCAGGGCGGACCTACAGTGCATTTGGAAAAGATAAAGGTCATGGTTGTAGTTGATAAAAGTCAGAGTCAAACTTTGTGAGGAATTTTTTTTTT	male	0	17	0	female	9	25	0.36	female-biased	-0.36	0.0160476	1	20.0534	7.47793e-07	false	false	true	bayes_factor_only
10540562	TGCAGGGGGGCGTGGTCAGCTGCAGCTCACAGAATCGGCCTTTTCTTTAAAAATAATTTTAAAATGTCGATACAGTAGCCCCTTTTTTTAATTG	male	4	17	0.235294	female	19	25	0.76	female-biased	-0.524706	0.00238414	1	97.3904	0.284389	false	false	true	bayes_factor_only
10541406	TGCAGGTACATGAAGAGGATGTCGATCTCTCCGACCGCCTTGTTGAGGCCCTGCTCCGGAGCCATCTGGGGAACAGAGACACAGTCAATACAGG	male	2	17	0.117647	female	13	25	0.52	female-biased	-0.402353	0.0191234	1	12.8189	6.05676e-05	false	false	true	bayes_factor_only
10597766	TGCAGGTCATCTAATGTCACGTGAGGACATCGTAATGCTGCTGATAATTCATTCATATTCATATGTCAGCGCACAATAACACACTTACTGTCTA	male	0	17	0	female	9	25	0.36	female-biased	-0.36	0.0160476	1	20.0534	7.47793e-07	false	false	true	bayes_factor_only
10629913	TGCAGGACGGCGGGAGAATCGTTCACTCTCTCGCCGTCTCACGATCTTCACCCACCAGCTGCTCCTTCAGCTCGCTGGTTGCCGGGCGGATTTA	male	5	17	0.294118	female	18	25	0.72	female-biased	-0.425882	0.0161249	1	13.8003	0.00488232	false	false	true	bayes_factor_only
10656776	TGCAGGTCCGCTGCAACTCTTACTACTTTTAAATCCAGGCTGAAGACTTATCTTTTTGCCGCTGTTTTTAATTGAACTATTCATATCTTAAACT	male	10	17	0.588235	female	24	25	0.96	female-biased	-0.371765	0.00901836	1	22.3049	0.0422891	false	false	true	bayes_factor_only
10757217	TGCAGGCCAACTAAATTAAGTTAGAGGCACAAAGACAGACTCAGCCTCAATAACCTCCTAACAGGACCAGCATTTTTAGTCCATTAACTACAAC	male	8	17	0.470588	female	23	25	0.92	female-biased	-0.449412	0.00380341	1	53.9283	0.284389	false	false	true	bayes_factor_only
10796296	TGCAGGCTCAGCTGCCTCTGCAGCGCTGCAGGTAAACAACCACTTAAAAAAGGCCTATAAAAACCACATCCAGTCCAATCAGGGACAAACAGGC	male	8	17	0.470588	female	23	25	0.92	female-biased	-0.449412	0.00380341	1	53.9283	0.284389	false	false	true	bayes_factor_only
10838267	TGCAGGATATACAACAACAGTGCTCCCAGCTTCAGGAAGAAAAATGTCTTGTGAGTTTTTTTCATCTTGGCTTAATAAAATAGCTAAAAAGATA	male	0	17	0	female	9	25	0.36	female-biased	-0.36	0.0160476	1	20.0534	7.47793e-07	false	false	true	bayes_factor_only
10843266	TGCAGGACGACCCCTTCTCCCAACTGGGGTAGAGTGTTCCCAATATCGTAGGAAAGGAACAGAAGAAAGGTTGCCCAATTTCCAAACACCGAAA	male	1	17	0.0588235	female	13	25	0.52	female-biased	-0.461176	0.00545946	1	54.9382	0.000544844	false	false	true	bayes_factor_only
10859562	TGCAGGAAAGTGGTTCTCTACCTATGTGTCAGTCATAGGCTTTATATAAAGAAATGGACCTCACCCGTTGGATTTGGAGCCTTTTGTTGGTTGC	male	14	17	0.823529	female	10	25	0.4	male-biased	0.423529	0.0161797	1	14.6205	0.000544844	false	false	true	bayes_factor_only
10867274	TGCAGGGGGCACGATGGAGCGACGGCACACAATCTGTGGAGTCGACTGGAGGCCTTCATTATCCAGGAGTAACCATGACAAAAATCCAAATGTG	male	6	17	0.352941	female	19	25	0.76	female-biased	-0.407059	0.0204592	1	10.6755	0.00488232	false	false	true	bayes_factor_only
10904185	TGCAGGACTTTTAAAAGTATGTAATGAAGTCATAAAGTTAACATTAGATTAACATTGAAACATCAAACAAAGACATTGCATGATGATTTCTTGT	male	2	17	0.117647	female	14	25	0.56	female-biased	-0.442353	0.0100545	1	25.2372	0.000544844	false	false	true	bayes_factor_only
10926741	TGCAGGTCCGCTGCAACTCTTACTACTTTTAAATCCAGGCTGAAGATTTTTTTTTTTGTCGCTGCTTTTAATTGAACTATTCATATCTTAGACT	male	0	17	0	female	8	25	0.32	female-biased	-0.32	0.0283784	1	10.0267	8.30881e-08	false	false	true	bayes_factor_only
10949855	TGCAGGTTTCTGGGAGTTTGTTTTGCATAATAACTGAACTCCTGGATGGGTCATGATGTAGCAGCAGATCAGAACAAACCATGCAATGCTTTAT	male	9	17	0.529412	female	3	25	0.12	male-biased	0.409412	0.0112462	1	18.1715	0.0422891	false	false	true	bayes_factor_only
10959593	TGCAGGAGCCGTCTGCACCGAGAGGTAAACTATTCAAACATCCTGAAAGAATTCAACATGCTAGCAACACAGGCTTAGTCACCAGAGGTGGGAA	male	10	17	0.588235	female	4	25	0.16	male-biased	0.428235	0.010579	1	19.7418	0.0422891	false	false	true	bayes_factor_only
10988134	TGCAGGAAAGAGCGACATGTTATTTGATTTACTTGTGCTAAATGCTGCCATATGTAGGGGAGCGAGGAGACAGTTGGCTGTTTGCTCAGGTGAA	male	1	17	0.0588235	female	11	25	0.44	female-biased	-0.381176	0.0194842	1	13.4083	6.73009e-06	false	false	true	bayes_factor_only
11030439	TGCAGGATGCCTTTCTGGAAAAACTGGATCTAAACAAAGAGACAAATATTCATCAGACAAAAAAAAAAAATCAATATCTACAGAGATTAAGCCT	male	1	17	0.0588235	female	11	25	0.44	female-biased	-0.381176	0.0194842	1	13.4083	6.73009e-06	false	false	true	bayes_factor_only
11063067	TGCAGGCAAATACTTTGTCAAAGAGGAAATGACATCACAGCAACCTGACCTGCCACCAAAACAGTGAAAACAGATGAGCAGCAAACGCCTCTCA	male	2	17	0.117647	female	17	25	0.68	female-biased	-0.562353	0.00104442	1	279.072	0.284389	false	false	true	bayes_factor_only
11064480	TGCAGGTCCCGGGAGGAGATGCGTGAGCTGGTGAACACTCCCCTCCCGTCCACATGGAGGCGCTCCTCTCTCCCCACAGAGGAACCTGCTGTCA	male	17	17	1	female	17	25	0.68	male-biased	0.32	0.0283784	1	10.0267	8.30881e-08	false	false	true	bayes_factor_only
11107946	TGCAGGGAGCTGATGTTCTTTTAACAACGCTGGGCTTAACTGAGCAGAGCTGCTGTAACGCTGACACTGACTGGCACATGCACACTGCAAAGTA	male	0	17	0	female	8	25	0.32	female-biased	-0.32	0.0283784	1	10.0267	8.30881e-08	false	false	true	bayes_factor_only
11129254	TGCAGGCCTGTAGGCCTCACACACCACTTTAAGGAATAAACTATAGCCATACTAAATGTAACCAATTAAATAATGTATGTGGCCAAGCTTGATC	male	10	17	0.588235	female	24	25	0.96	female-biased	-0.371765	0.00901836	1	22.3049	0.0422891	false	false	true	bayes_factor_only
11179968	TGCAGGGGGGCGTGTCAGCTGCAGCTCATAGAATCGGCCTTTTCTTTAAAAATAATTTTAAAATGTCGATACAGTAGCCCCTTTTTTAAAATAG	male	0	17	0	female	9	25	0.36	female-biased	-0.36	0.0160476	1	20.0534	7.47793e-07	false	false	true	bayes_factor_only
11184349	TGCAGGAGAGAAGGTAATGAAGATGTATATGGAAACAATGATGACGTTGGAAATGGTAATAGAACGGTGACGCTTGTGCTACATGTCTCTTCTG	male	5	17	0.294118	female	0	25	0	male-biased	0.294118	0.0162307	1	12.6308	0.00488232	false	false	true	bayes_factor_only
11189895	TGCAGGGATTAAGCCTTTTCATCTGATCCTTTAAATCCTTTGAGATCAGTTTGACCCTGAAATAGTTTTTCATGAATGGGACTTTTGCTCTTCC	male	4	17	0.235294	female	19	25	0.76	female-biased	-0.524706	0.00238414	1	97.3904	0.284389	false	false	true	bayes_factor_only
11300807	TGCAGGAAATACCAAACAGATTAATAGCTGCAAACACTAAGCTGATCAAAAAAAGTCCACGATTGAAATGTTTTTAGTTACTTTTTGAGTAAGT	male	3	17	0.176471	female	15	25	0.6	female-biased	-0.423529	0.0161797	1	14.6205	0.000544844	false	false	true	bayes_factor_only
11307394	TGCAGGTGGAGCAGCGCCCGGTGTTTACATCGCTCTGATGGTTGTTTATGTTGATGTTATCGATGCCTCCTGCAGCTCGTGTTGTTGTGACGGA	male	0	17	0	female	8	25	0.32	female-biased	-0.32	0.0283784	1	10.0267	8.30881e-08	false	false	true	bayes_factor_only
11329319	TGCAGGTACGCTGTGCTTACAGTCTCTCTATATATTCATGAGAGGAAACAGCTGGTCCTACATCCCATCATTAAGACCCCATTTACATGGGAAC	male	5	17	0.294118	female	0	25	0	male-biased	0.294118	0.0162307	1	12.6308	0.00488232	false	false	true	bayes_factor_only
