#source:rsx-subset;min_depth:5;filters:M=[3,9999],F=[0,2],individuals=[0,9999];signif_threshold:0.05;bonferroni:true;n_markers:1000
id	sequence	ind1	ind2	ind3	ind4	ind5	ind6	ind7	ind8	ind9	ind10
0	CATACCGATAACAACCACGAGCTAGTAAGCGCCGTCGCGCCAATAAATCTTATGCCACATGCCCGGAATTAGGTCTGTTACTCGTAGCAAACGTATGCGG	5	48	12	48	39	1	2	1	0	1
1	TTGGTCAGGTCCAGCGCATAGGGTAGGATAGGATCTGTACCATGCTCAATCAAACAGGAACAAGCTGGAATTTCCGATTGAATTTAGTGCAGGGGGATAT	8	15	29	5	29	1	1	1	1	2
2	GGCCATGCCCACCGAGAACCAAGACCTCCGACATCTTGATGGAATGGGTAGCCGCAGTCGAAACTCCACTTGGATTAGCTCCTAAGGCGCAATGGGGAAA	40	31	44	14	20	0	0	1	0	0
3	CTGGGGTGAGGAGTTGAAATGGTCTGCGAGAGTATCTCCTCTCAGCCCCTACTTGCTTTTTATGCGCTCATTCCTTATGGAACCTGGCAAAATGATCACT	20	14	46	49	5	0	1	0	0	2
4	CAAGTGCGCGGCCCGCGCTTACGCCTATTTCAACCATCTATGCCGGTATGGGTCCCAATATCTATACATCACATATATGTGGTAACGTCGCGGAAAACCA	49	21	28	15	43	2	2	2	0	0
5	GAATCGTCACCAGGCAGGTTTCTGGAGCGCTCGTGCTTCTGGAGATCTAGAAGTGCTAGACTGCCTGAACTCTCTCTCTTAAACGAATCGCTAAAAACTG	40	23	49	13	45	1	0	0	2	1
6	TTAAGTGTACAACTGAGCGACTTGGTCCCGAACAAAATCTACCTCGGCCGTCCGGAATCCTACCGCTAATTTAGGCGGCTAGTCGACCTATTCGTCTGGC	34	10	25	21	25	0	1	2	0	2
7	GTACCTTATATGTACGCTATAGAGCAGTCTTTTAACCAAGGTGTACGCCGTTTGTGGGATGTTTGTGGCAGAGTAGAGAAGGAGTCTATCCGCGTCCACT	19	10	32	11	45	2	0	1	0	2
8	TATATTATCAACTCTCACTCGTTCAGGTGCTTGGATTTCAGTAGGGGCGGGAGAATGGCAACAGATAGTTAGGTCTAGGGTGGTAGACCTGCATTATCTT	45	28	11	48	19	1	0	2	2	1
9	GAAGGTTAGTTAGATCCGTCATATTGATTGGACCGTTAAGTCCCAGAACAGAAGTAGAGAATACAAGATAACCCTGCACGAGGCTGATTCTGAACATCCT	43	38	23	34	37	2	1	0	2	0
10	GCGCATATTTATCTAGAGAACGCCCTATCGGCGCTCACAAGTGCGGGGCCAGGTACTTAGCTACACATTTCGCAAACCTCTTTGATTCTCATCATAATTA	32	16	13	29	39	2	0	2	2	2
11	GAGAAGGCCCTAATGCGGAGACCTTTTACACGTCGGAAACGCAGTGGTGCCCGCAATTTACTTAGAGGCCTCGGTGCTTAAAGTCCAATTCATTTTCGCA	11	40	48	29	23	1	2	2	2	0
12	TCATGCTCGTTGGCGCCCCTTTAAGTAAAGAGGGATGATAGGGATTCATTCTCTGTGTGGTTTCGGGATCGCAGGTGTGATGATTAACAGTAGGCGATGC	13	50	35	33	44	0	0	0	1	0
13	GCCCATTATGTAGCACAATCATCAGACCGCTTCGTAGTCCGCTACGAGTCCGAGTTAAAGCGCTGATGGTATGCGTGTTGCGCACGCTACTCTCTAGTGT	8	9	47	45	30	1	2	2	2	0
14	GACGAAGTTCCCGTGCCTCAACTTCTTTGTGTAGTGTACGTTACGGCGCGCAAAGACTGCCATGCCGGAGCTCTGGCAGTGAAAATCTGGGTCCATCCAG	14	15	47	44	43	1	2	0	0	0
15	ACCCGTCTCTGTGCTAATTACTCCGGATCTTTAATTCAGATCTGTCTTAGCGATATGCTCGTGCGTTCACACGTGCAGTGTGGACCAATTTCCTCAGCTT	37	39	36	50	41	1	1	0	1	1
16	CGCGCCATGGGCCCACCGACAGAATACTGGGCAAATCCTAGTTGCCCCAACAGTTACTTGGTACTGGGGTTCTTTTACGCACCACCCATCAGACGTGGTA	23	25	23	46	8	0	2	2	0	2
17	CGAGTGGAGGACGTATCGTTCCGACTGTCCCATTCACCTTTTAGTGATTTTCCTTACTACGGGCCGTAGTTGTCGGGGGCCGCCTGAGGACAGTCCTGTA	13	37	31	34	41	0	2	1	2	1
18	CTGCCATAGGAGATGGGCTGTGGTCCCCTACCCAAATCCCGATTGCAGTGGAAAACCACTAAGACTGCTCCTTACATAGGGCTTGGCGTTATGTGTCGGC	31	40	38	13	29	0	1	0	1	2
19	ATTCGATCAAGCCAAGTGAACCGGCCTATTTCTTGTGCGTATAGCACCCTAACACGTGTCCTCTACAGGGCGAGAAACAAATACGGCACTACCTCCTGAG	38	14	20	17	44	2	1	1	1	1
20	AGTACTGAGCATTTCCAGCTGGGGAGCCTGCTCCAGAAAGGGTCCGCCTCGCACTAAACCCGTCGTACTACTGTAATTGATTAGTGAATCCAACCGGATG	40	20	41	38	15	2	1	0	0	1
21	TTATTTATACCAATGTCGTTGGGATGATGGTCTCATGTACCCCCGTCTTCGGTTCACCGAGTTCGCCGTGCCAGCTCAGCTGGTATCCCCTTGCCTAATG	12	14	27	24	26	1	0	2	1	1
22	TTCTTGAGCCAGAAACGATACTACACTCAGGAAGATTTGCCCCCTGCGCTCAAATACCTATACCCGCTATTATAAGGCTCTGTAAGTTCATCGCAAGGTG	7	33	39	18	32	0	2	2	0	1
23	GATGAGAGACCGCTCGGGCCCAGTCGCGGAGTATCCAATAGTACCTAGGTCCGTTCGGAGCCGGTGGTTTCAGGGGACGAGATGTGGGTGGATACCACCG	32	46	10	50	11	0	0	1	0	0
24	CCTATAGCTAAGATTTGGCCACCATACGCTAGAACTTGACACCTGAGGACATCGGATACAGATTTGTCATGACAAGGTTCGTTCCAAAGGATCGCCTTGA	20	10	32	12	34	2	2	0	1	2
25	CCACCAGCGCAAGTGGAGTACCATTTCTTACCACAGATTAGGCGCTTTCTATCGAGGGATTGTCAACTCTCTGAGGAATATGGGACGCACATAGCAGGCC	28	34	10	42	11	2	0	2	1	0
26	CACATGGTGTTAGAGAATTATGTTGAGTCCAGACGTATGAGGCCAAGAAGAATCGACGAGACGAGGAGAGTCTTTTGTTACCCTGTATTCGAGCATCTGT	41	37	25	29	22	0	0	1	2	0
27	AGTGTTCAAAACGCGGCGTGGAATCTCCTCAGGGGCAAACATTCGTAGGAACAACTACCCTTGCTCTTCCGCTCGTCTAACCGGCATGCCATTATTCGGC	26	33	5	21	18	0	2	0	1	1
28	GCATTATGTTGGCGATGAATATGAAGGTGGCTCCTATGTCGCCTATCTAAAGCTAACGTAGTGTCTTTAATTGCACACGTGAATCGCGCATTGACCCGAG	33	16	15	18	17	0	0	1	0	2
29	TGCGTGGATTTTTGGCCTTACGGGCATCTTTTCATACCAGTACGGAGTTTCAGAGTGTTCAAGCGGGCATCAGGAAGGATGCTGCCAATCAGCTAGCCTT	15	41	18	19	46	0	2	0	1	2
30	TAGGAGCCATGTGCTTTTTCGTACCGTCCTAAGCGTCGTAGGGGCCCCCGTTTACCACACGGCCGGGAAATGGACTATCTGTTTGTGCGAGCGTTAGAAT	41	34	14	25	50	0	0	1	1	2
31	GTATAGCAGGATTTTACCGGGCAACAGTACTAAGTCCTCAGTGAGGAAGAACACGTCGCCAAGAATATCACATACCCTGCCTGTCGGGTTACGCTAAAAC	36	14	10	37	9	2	2	0	1	2
32	AGTTAAATGTCAGAGCATTCGAGATGTTGGCGACAGATCGCATTACGGAGATATTCCGCCGCTCCACATCTGCGACAGGGATAGAACTATGTGTATCATC	5	10	43	44	45	1	2	2	0	2
33	CGTAATCCTCCAGATGGTCCAAACCACAGTTGCATGGCGTCGATCAGGTCGACCATCGCTGGGTGGTATCCTCGCGCACTTCGCGCCTATTCCTCGTGGC	6	29	14	8	47	0	0	1	0	1
34	CAAGACTTCCCACTCGCCATTGCGACAGGTACCTCCACATGAGCAATTAGATGAGCGCGTGCACCGCGACTTGCTTGCTCGCATACGAAGTGATCACGCC	36	7	23	46	17	1	2	0	0	0
35	GGCCACACGAGGCTGACACAAATAGGTTTTTAACACAGTCTCCTGTGAAACGGTCTGGGCGAGAACTCAACCAGGAACTACCAGGCCACTACGTCATAAT	26	44	47	24	49	2	0	2	2	1
36	GGATGCCTTCTTTGTACATGGACCCGGCGCGAATGCCATGCGACATAAGGCGAACCGACGAGATACCGTGGACAGCTCCCTTCGATGATGTGGAGTACTA	15	28	43	50	12	2	0	1	1	2
37	ACTCCTAACACGAAGCTGCGCGGACTTATACGCCACGCATAACGCGCAGCGCGACGCAGCTTGCTGTGTGGGCTTGGACCTACACCTAGTATCTCCCGTA	40	40	35	16	28	2	2	1	1	1
38	CGTAGAAGGACGGCCATCGGTCATTCCGTCTGAGATAGGCAGCCCCTCGATTCTAACGCCCCTGAGTTAACCCTACTCGTTTTATGCGGTTTGACGTTCC	21	20	23	10	30	2	2	1	0	2
39	GTTGTGCGTACGAAACAAGCCCGCATCTGGGTGGTACAGTCCTCAGCTCAACTCTCATCTTACTGTAACAATATTAGAGATGGCCGTCCTCAGTCTTTCG	21	27	6	31	12	1	2	2	0	2
40	CCAGTCTCGTTCAAGTCCGAAATTTCTTGTCGTAACCGCAAAAGCATGATACGTATCAGACGTTGCTTGCACCCCCCTTCGTTTTAGGTTAGGTATTAAT	31	40	32	30	20	0	2	2	2	1
41	GAACCGCCTCCTAAAATTCTTAGAGTATAAAATGTTCAAGATTCAGTTAGCTGAGACACATGGACCCATTTACGATAGCTAGCCCAGATCTGGATACATT	40	46	27	33	17	0	2	1	1	2
42	AGTTTCAATCTGGCAATTTACTAAGGACCCTCTCCTCACAGAGATACGCCCTTCAGATGAGACGTTCGTAATGGACCACACACTACTTCGAATTAGTTTG	25	28	31	45	32	2	1	2	0	2
43	CTCCTTGAATAAGAGATGGGGCCCATATGATTCCAATTTGCGACAGTGGTGTGAGCGGCCACTCTCACGGGCATGATTCCTTTCGTATCCGCATTCCATT	17	25	27	43	46	0	1	0	1	2
44	GGCTGACACACACAGTTGTTTCACGCCGCCTGCTAACTTGACCGTATGTGCCGTCAAGCCAGTTCACTTGGTATTGGGGATTACCCGCTCTTCTACCCAA	49	50	38	13	32	0	2	2	0	1
45	ACCAGAATGGTCGCCAAAAGCCCCAAAGAGTCATTAATGGGACAAAGTCCGGTGCGCTGCCCCAATGGACGATGGATGGTATGCGTCACACGCTTATGGG	10	21	25	49	46	2	0	2	2	0
46	ACCACCGCACAATGGAAGATCGTAGGAGATTGCTACTTCAGTCGAAATAACCTAAGATCCCCGCTAGTGGGGATAGTTAAACGCACCGCTGTCCGCTCTG	44	19	50	23	17	0	0	0	1	2
47	GCACTATGACCTATCGATTCGGAGGTTAAATGGTGGACCCCACTGGAAGTTCACAAGTGCTAGTGTCATAAACGGATTGTTGAGCGAATGATAGGTGAGC	6	41	24	45	18	1	0	0	1	1
48	CGCTAAGCACCTGGCATGCAAGATATCGCCTTTAGGAGGCAGCATCGTGAGTTAGTGTTAATGTTCCTCACATTCAAATAACTGCTCACCCGACTATTTC	48	43	29	25	36	2	2	0	0	0
49	GGGCAAACTCACTCGTGTGTAAGTATTCACGTGGACTTTTCCTATGGAGCAAACTTGACTTGCTACCTTACCGACTCTGCCATCACGGGTAGATCGACGT	8	26	39	5	35	1	2	1	2	2
50	TTGTACCTGTCCCCTCATAAGTCTTCCGCCTAGAACAGGCGGGTTCCACGATGATTTGGACTTCTTGTTCGACTGCCTTGTCTCACGCCGTAAATCCTCT	7	6	44	10	8	2	2	0	2	2
51	AGACTGCGAAATCATGGCCGTGTATGTGAAGATCACTCATTAACGATCAATATTACGTTCGAATCGACGTTAGCTGTGGTACGCTTACTGTAAAGATGCT	33	6	7	26	8	1	2	0	1	0
52	ACCGGCCAACTAGCACACGGACGAGACCAATGCTACCTGAAAATGATAACAGCTAGAAGCCTCGTAATTAACCCCAGTTCAGGCGGCTCAAAAGGTAGAT	18	32	21	26	44	1	0	0	2	0
53	GAGTAGCCTACTGTACGTATTGAGTTACCGAACAAGTATGCGCCAGGAGTGCGTCCATCGCACAGATGACTGGTACACGATCATTCGCATGGTGTTCGAG	26	38	7	23	32	1	2	2	2	2
54	GGAGCAGCGATCTACACAGAATGCGACATTCTATTCACCCTCGGGGAGTAGTGATCTGCCTGCATTCTAGAGCTTCTCCGTTAGATTGGATTAGCTGGCC	14	15	20	12	7	1	2	0	1	1
55	TACCGATGCAAGGGGAGCCCTGGGGCGCGTATACAACATTCACGGAAGCGGTTCCACTCTTATTTCAGCTTACGCTGCATGCTGCTACTATCGAGTTGTC	36	40	34	19	6	0	0	1	1	2
56	GTCGTTCAATGACCCGCTCACCGAATGAATTGTTCGCGAAGCGGCTCCACGACTTTGAAAAGCGCCCGATAGGTTTGGCGTCAGAGAAAAACGAGGAAGC	8	35	12	21	7	0	1	2	0	0
57	GGAGATAGGGTACCACACAAATGCGAACCTCTGATTAAAGAAAGCCATATCTGTCTGAAGTCAGTATCAATCAGGAGTCGAGCTCCTGCTTCTTTGATTC	13	6	11	8	9	1	2	0	0	1
58	CTTCGCCTTTTCCGCAGGGATGTAACGGATTTGCTCCTCAATCTCGTACATGCGCTTGTAAATACGAACACTCTATATCTATCATGCATGACGAGATTCG	44	10	50	42	11	2	1	1	0	2
59	GTAGCTGTCATCTGAACGCAGCTGCCGTCCCTAACTTTGAATGCTCTAAAGTCTCAAATGCAGGTAGACGGTTCAGCAACGCGGGTGAAGTCTCATAAGT	21	42	8	36	39	1	2	0	1	2
60	TCGGGTCGAGCGCGCGACTGTGAGGTGTGTAGAAGGCGGTAGGGTTGCGGGCCTCGCTAACCGATCTAACGGGGCGTTCTCGGATAGGGAGGCCGGACAT	32	43	21	14	10	1	0	2	0	0
61	CTGTCACAGGTTAGCGTCTTATTCGTCTAATCCCCCTAATAGGGGCCATCTTTGCCTCGGATCAAAAGGCGTGCGTTGTGGAGCGAAAATCTGGATCTTG	14	12	27	10	18	1	0	0	2	2
62	GCCAGAGAGATATTGATGATATCTCTCTACTGGGGAGGTGCCCATAGTAATTCGATGCGGCTATATTTCATTACACGCCCGCCATAGTGCTATCCGCCTT	41	21	27	21	42	0	2	0	0	2
63	CAATAGTCTCCTGGAACCGACAAATCGGCTCGTCCTTAAAAGGACCTCGATTTAAACGTGCACGAACCGGCCCTTTCCCGTCCTTAGTTTGTCATATAAG	26	43	50	47	34	0	1	2	2	1
64	GGCCGGGCTCCAACATGTAAAGTAGGAATCAATTTAGTACCCCGTTGAACGGGAACGGATTCCACTAGTTGAGTCATGTCAGTAGTTTGGTAAAGGATGA	8	30	7	47	46	0	2	0	2	2
65	GGGTGCGCTTGGCATCGCCTTGCGGACTCGCCACTTCAGCTGTTCCGTCAGGTCATACCCGCGATCGCATCACAGTATTATAAACTCGGCCGCGCTACTT	50	37	38	12	49	0	1	1	0	2
66	ACGAGATTCATTTAAGTGTTACACAATTTTTGGAACGCACACCTGTACTTAAACGTCCAGCGGCGCACCGTAGGCACTCTGTAACTAGCTAGAGCAGACT	11	25	14	31	25	1	1	0	0	0
67	ACACCGTTCAACGACCAGCACTGCGACAAGGCAGGCCAAGTTCGGAGTACAACGCGGACGGGCGCTCTAGTGAGCAAACCTTAGCCGGTAGTCTGGGATA	5	19	6	22	48	2	1	0	0	2
68	CGAGGATCCAGCATCAACCCACCAGGGCTGAGCCCGATCCGTGTACTCACAGCTTTGGGACGGATACATAGGGATGGGCAACTATAGGTGCGAGACTAAA	29	30	11	44	31	0	2	2	2	0
69	TTTCACCACCAACCGGACTTCAAAACCCTCCATCTGCCAAGCATGCAAATCTCGCTTTAGGTGCCTATGGGTTGAATCATCGTGATATAGAAATAGACGT	18	24	34	20	28	1	2	0	2	2
70	GGAAGGATTCGAACACGTAGGGGGAATCACGCCTTTTCCTTTGCAAAGTTGCGTCAATTCTCTTTGTTAACTAGCCGGAAAAATTGCTCGGGCGATGGTT	42	46	5	35	46	2	0	1	0	0
71	CAACCTGTAGTGTTGAAGTCTCTATGGCTCCAAGGCGGCTTGATTTGCTACAGCAAGTATCTTATGTGATCTGAGTGCACTACTAGTGCATCTTAACGTG	24	30	44	16	31	0	0	2	2	1
72	TGACTGAGTCTGCCATGCGAAGTTTCTACCTCGTAAGTCTACAGAGGAAATCTAGCATAACACGGCCGTTAAGGGTAATGTACAGGGAATATCAACGAAT	16	5	30	46	25	0	1	0	1	0
73	AGCTAATCGACGGAGCGCCGCTCGTGTTCCTCACGACGTCGCATTAAAGCGCTTCGCGCTAGTACGCACCCTTTAGAACAAACGGAACTCAAATTCTGAG	30	29	15	35	33	1	2	2	2	1
74	GGGATGGGCACTTTTCAATAAACCTGGGTTCCTAGTCATTGCCTCCCGCAAGCCCCTTCTCGGAGCGTCGCATGTTGCTTTGCACGTACGTTGGAACCCC	15	16	28	16	50	0	0	1	0	2
75	GTGAAAGTGTCCGATTTTCTCAAGACGACACGGGTTTTGGGGCTATTATCCGACGTCGTCCTTAGGGATAGTTCTCATGGGGGCTAACCGCAGTCCGATA	47	39	20	20	18	0	2	2	0	0
76	TCAGGGATTGAACCACGGGCCTCCTCCGGAAAACGCATGGCAACGGTTCGCCATCTAGGTTCACGCCTGAGCTGTCTGTGACGCAGATTGCGGCTCGGTC	23	23	49	17	49	2	1	0	0	1
77	GCGGCTAACTAACCACCCGAGTGGAGAAGCCGCTAATCGCTCGCGGCTCTAATCCACCTCGATCTCAAGGAGACCGTCCCGAGGGACACGAAAACGAGCT	39	15	32	47	5	0	1	0	2	1
78	CTCCCGTCAAGAATGGCATACATTGTATTCCACGCATCGCTAGTACAAACACTTTGAATGTAGACTGTCCGCCGAGTTCGCCGTAACAATCACGCACCAG	34	37	23	22	32	2	2	0	1	2
79	GGTTAACGAACCTGGTCCTCGGCTCGCCCCACGGGCCCGCGCAAGCGTTTAGACGATTACCATGCGATCTTCTTAGATATACAATACATTTAGATGATTT	50	17	12	17	23	0	0	1	1	2
80	TACGGGATTCAGGTCCGAGGATACAGTCATTATCCATATCCTTGACCAGCAATTAAAAGTCCGATATAATGCAGAACTTTCTTTTACCGATGCCCATCAA	45	43	12	7	42	2	0	0	2	1
81	GACTCGACAACTGGGGGTCGATGCACCAACGCCTCGGAGTGTTAAACGGTCCTACCAAAAAGGTGCAGCATCTACCCTCTAGGAGAGCGGGACTCGCCGA	22	18	42	45	30	0	1	0	2	2
82	TATTTGACGATTGGCAATTCTCAGAATAAGGAGTGCGAGCGGAAGGGTTACTCAACAGTAAATTTGCCCGTGAGTATTGAAATTATGCCTGTTTTGGGGG	46	14	25	14	29	1	2	1	0	0
83	CGTAGATTTCTGTGCATTCCGTCTCCCCAAGACGGATGGGTAGGGAGAAGCTAGTCCAGGATAACGAACCCTTTGCTAGAGCAGCGCGGCCTAGCGAACA	16	40	43	9	49	1	1	1	2	2
84	TTATTTATGTAAAAAGAAGAACAGTAATGGGCTTTACTGCCGAGTGAACACGAACACGCGCCGTATCGACCAGCGCGAAGTGGGTTATACTACTGGGTGG	41	36	7	28	23	1	1	2	2	0
85	TCCTATTGGAGAGCCAATCGAGCTTCGAAAGTTTATCACATCGAACGGAGGGAAAGTTAATAGTTAGAAGTGTAGTCGGTGCGCGACCACGCGCAGGTTG	48	31	21	38	5	1	0	2	1	2
86	GAAGTCATTGGCAGAGCGCCTTTCCGAATACCTGCTTCGGGGACCTTGGATCATTATTATAGGTGCCATATGTGGTAGTAATGGCTGGAGACGGCACGAG	38	15	32	19	11	2	0	2	0	2
87	CTGGGATAAAGACCGCACGCGACAAGCGTTAAAAGGAGAATAAGGAAGTTCATGCTATGCCGATTGCACTACCCGATGAAACATAACCTGTGGTAGCGAG	42	24	15	18	36	1	1	1	2	2
88	TTATATGGTGGTTCGGCTAGTAAATATACCACTAATAACCGGCCCCTGAATATATCCAAAGCATAGACCTATGTTTTAGTATGTCGGGAAGAGGCAACGG	39	5	49	8	21	0	0	0	1	0
89	TCGTCGCATACGGCCCATTTGTAGCTGACGCATACTTTTGGCTGCCGAAGTTCATATCGCATAAATTTCTACTATTTTTATGAAATCCAAAAAGCACTGC	30	30	30	11	19	2	2	1	1	0
90	AACCTAAGCCGCACATTGCTAGGAGATTAGTAACTACGGAGTTTCCTTGTTCCGGTTCCATAGTACCTAAGTATCCGGGAGTTCGTACCGAGCGTAAGAC	38	23	44	40	47	0	1	1	1	0
91	GAATCATTCATTTGCGAATGACAATTGCTGATTTCCTCCAACTACCCTGTATTGCTTTTACGTGCTACACCTGTTAGGTAAGCTATTTACCCAAACTACG	24	45	24	5	36	2	2	0	0	0
92	ACAAATGTAATGGGCGCGCTCAGCACCTTCGTCTCATTATCATCGCAGGTCTGTGCTCTACTCTCGTGTTGCTTCCGGCATGTCTAGAAAGTGGGCAGAG	31	9	8	44	21	0	0	2	0	1
93	GCGGTCTGCATTTAAGGACCCAGGTTCAACGCTGCTTCCAATTAAGTAACTAGGTCAGGACGGCTACATGTATTTGACCGCGAAGGCGAGGCCACGTAAC	46	27	32	35	24	0	0	0	0	0
94	CGCCCAGCTTATGGTATAACACGGCGACGAAAATCATCTAATCTCTGACGGTCCTCCAGCCTAAGACATGAGCCTATATTGATCTGTAAATATCTACGGG	42	18	6	26	44	1	1	2	2	0
95	GCGGTGCTCGTGTGAGTCTGGTCATTTCGATCGGTAAATCCTCAGCGTTGTTAAGCACACTTCAGGGAGGCAAACAAACGCATTACTGGTGTATTACAAT	50	37	42	50	27	0	1	2	0	2
96	CTGAAGACCCTCGCATCTTGTAAGTTCAACGTTCGCCTTCGACGTCATTTATGCCGGGAATCGCAATCGAGGGTTCCAGGCCGACTTTTGTTAAGGGAGC	28	48	46	34	29	1	1	0	2	2
97	CGATTCGCGTTTAAGCGACCCATATTGTGGGGCAAGGAGGCGAGAAGCCCGTACGTTTGGCATAGCTCTCCGCTGTGGTGCGACAATGCTAGCTAGGGCA	9	36	40	44	18	2	0	0	1	2
98	TTCCTCATATTGTTTAAGGTGTCATTACCGTGTTATCGGAGTTTTTGTCTGTTCAACGCTCACGACGGCCCTAACGAGGTACGAAGATTATAGATAGCAC	22	10	9	9	37	2	2	2	1	0
99	AGCACGACTTCATATCTTAGCTGCAATTTCAAGTATCCTGGAAGTAACTCCAGTTTATCTACGGCTCTCCGGAACTGACATGATAGTCCTTTTGCCCTCA	38	48	18	44	50	1	2	2	1	1
